Entry date,Entry no.,Type,Source,Status,Posted at,Description
2026-09-21,,Manual,,Draft,,ZZ-DISCOVERY SOD-01 admin creates and immediately posts (above threshold)
2026-09-21,JV-2026-008530,Auto,FxRevaluation,Posted,2026-09-21 09:19:11,FX revaluation 2026-09-21
2026-09-21,JV-2026-008528,Auto,FixedAsset,Posted,2026-09-21 09:18:55,Acquisition FA-2026-2026
2026-09-21,JV-2026-008527,Auto,Transfer,Posted,2026-09-21 09:18:48,Internal cash transfer
2026-09-21,JV-2026-008526,Auto,PurchaseReturn,Posted,2026-09-21 09:17:07,Debit note DN-2026-03016
2026-09-21,JV-2026-008525,Auto,Inventory,Posted,2026-09-21 09:17:07,Stock movement: ZZ-MEAS-A - ZZ-MEAS-A
2026-09-21,JV-2026-008524,Auto,PurchaseInvoice,Posted,2026-09-21 09:17:01,Purchase invoice PI-2026-05074
2026-09-21,JV-2026-008523,Auto,SalesReturn,Posted,2026-09-21 09:15:16,Credit note CN-2026-04050
2026-09-21,JV-2026-008522,Auto,Receipt,Posted,2026-09-21 09:13:43,Receipt RC-2026-15486
2026-09-21,JV-2026-008521,Auto,Receipt,Posted,2026-09-21 09:13:04,Receipt RC-2026-15485
2026-09-21,JV-2026-008520,Auto,SalesInvoice,Posted,2026-09-21 09:12:57,Sales invoice SV-2026-17613
2026-09-21,JV-2026-008519,Auto,Payment,Posted,2026-09-21 09:12:50,Payment PY-2026-00009
2026-09-21,JV-2026-008518,Auto,Payment,Posted,2026-09-21 09:12:42,Payment PY-2026-00008
2026-09-21,JV-2026-008517,Auto,PurchaseInvoice,Posted,2026-09-21 09:12:35,Purchase invoice PI-2026-05073
2026-09-21,JV-2026-008516,Reversing,Reversal,Posted,2026-09-21 08:47:30,Reversal of JV-2026-008515
2026-09-21,JV-2026-008514,Reversing,Reversal,Posted,2026-09-21 08:47:08,Reversal of JV-2026-008513
2026-09-21,JV-2026-008515,Manual,,Reversed,2026-09-21 08:47:23,ZZ-DISCOVERY GL-01 September office rent
2026-09-21,JV-2026-008513,Manual,,Reversed,2026-09-21 08:47:00,ZZ-DISCOVERY GL-01 September office rent
2026-09-21,JV-2026-008512,Reversing,Reversal,Posted,2026-09-21 08:28:04,Reversal of JV-2026-008511
2026-09-21,JV-2026-008511,Manual,,Reversed,2026-09-21 08:27:54,ZZ-DISCOVERY GL-01 September office rent
2026-09-21,JV-2026-008510,Reversing,Reversal,Posted,2026-09-21 08:26:21,Reversal of JV-2026-008509
2026-09-21,JV-2026-008509,Manual,,Reversed,2026-09-21 08:26:13,ZZ-DISCOVERY GL-01 September office rent
2026-09-17,JV-2026-008487,Auto,SalesInvoice,Posted,2026-09-17 12:10:17,Sales invoice SV-2026-17583
2026-09-17,JV-2026-008406,Auto,SalesInvoice,Posted,2026-09-17 12:10:12,Sales invoice SV-2026-17494
2026-09-17,JV-2026-008294,Auto,SalesInvoice,Posted,2026-09-17 12:10:05,Sales invoice SV-2026-17390
2026-09-17,JV-2026-007932,Auto,SalesInvoice,Posted,2026-09-17 12:09:19,Sales invoice SV-2026-17027
2026-09-17,JV-2026-007340,Auto,SalesInvoice,Posted,2026-09-17 12:08:40,Sales invoice SV-2026-16420
2026-09-17,JV-2026-006977,Auto,SalesInvoice,Posted,2026-09-17 12:08:16,Sales invoice SV-2026-16043
2026-09-17,JV-2026-006836,Auto,SalesInvoice,Posted,2026-09-17 12:08:08,Sales invoice SV-2026-15909
2026-09-17,JV-2026-006803,Auto,SalesInvoice,Posted,2026-09-17 12:08:04,Sales invoice SV-2026-15867
2026-09-17,JV-2026-006374,Auto,SalesInvoice,Posted,2026-09-17 12:07:36,Sales invoice SV-2026-15373
2026-09-17,JV-2026-006221,Auto,SalesInvoice,Posted,2026-09-17 12:07:29,Sales invoice SV-2026-15229
2026-09-17,JV-2026-006145,Auto,SalesInvoice,Posted,2026-09-17 12:07:25,Sales invoice SV-2026-15153
2026-09-17,JV-2026-006074,Auto,SalesInvoice,Posted,2026-09-17 12:07:20,Sales invoice SV-2026-15083
2026-09-17,JV-2026-005992,Auto,SalesInvoice,Posted,2026-09-17 12:07:14,Sales invoice SV-2026-14994
2026-09-17,JV-2026-005656,Auto,SalesInvoice,Posted,2026-09-17 12:06:37,Sales invoice SV-2026-14650
2026-09-17,JV-2026-005074,Auto,SalesInvoice,Posted,2026-09-17 12:05:14,Sales invoice SV-2026-14090
2026-09-17,JV-2026-004019,Auto,SalesInvoice,Posted,2026-09-17 12:03:27,Sales invoice SV-2026-13004
2026-09-16,JV-2026-007870,Auto,SalesInvoice,Posted,2026-09-17 12:09:16,Sales invoice SV-2026-16973
2026-09-16,JV-2026-007120,Auto,Receipt,Posted,2026-09-17 12:08:26,Receipt RC-2026-14345
2026-09-16,JV-2026-006967,Auto,Receipt,Posted,2026-09-17 12:08:16,Receipt RC-2026-14218
2026-09-16,JV-2026-006772,Auto,SalesInvoice,Posted,2026-09-17 12:08:01,Sales invoice SV-2026-15826
2026-09-16,JV-2026-006346,Auto,SalesInvoice,Posted,2026-09-17 12:07:35,Sales invoice SV-2026-15350
2026-09-16,JV-2026-006179,Auto,Receipt,Posted,2026-09-17 12:07:26,Receipt RC-2026-13550
2026-09-16,JV-2026-005416,Auto,SalesInvoice,Posted,2026-09-17 12:06:16,Sales invoice SV-2026-14422
2026-09-16,JV-2026-005172,Auto,Receipt,Posted,2026-09-17 12:05:27,Receipt RC-2026-12770
2026-09-16,JV-2026-004842,Auto,SalesInvoice,Posted,2026-09-17 12:04:53,Sales invoice SV-2026-13870
2026-09-16,JV-2026-004832,Auto,Receipt,Posted,2026-09-17 12:04:51,Receipt RC-2026-12514
2026-09-16,JV-2026-004638,Auto,SalesInvoice,Posted,2026-09-17 12:04:29,Sales invoice SV-2026-13647
2026-09-16,JV-2026-004237,Auto,SalesInvoice,Posted,2026-09-17 12:03:56,Sales invoice SV-2026-13231
2026-09-15,JV-2026-008365,Auto,SalesInvoice,Posted,2026-09-17 12:10:11,Sales invoice SV-2026-17458
2026-09-15,JV-2026-008131,Auto,SalesInvoice,Posted,2026-09-17 12:09:30,Sales invoice SV-2026-17228
2026-09-15,JV-2026-008078,Auto,Receipt,Posted,2026-09-17 12:09:28,Receipt RC-2026-15125
2026-09-15,JV-2026-007604,Auto,SalesInvoice,Posted,2026-09-17 12:08:54,Sales invoice SV-2026-16691
2026-09-15,JV-2026-007510,Auto,SalesInvoice,Posted,2026-09-17 12:08:50,Sales invoice SV-2026-16603
2026-09-15,JV-2026-007199,Auto,Receipt,Posted,2026-09-17 12:08:32,Receipt RC-2026-14420
2026-09-15,JV-2026-006980,Auto,SalesInvoice,Posted,2026-09-17 12:08:17,Sales invoice SV-2026-16045
2026-09-15,JV-2026-006638,Auto,SalesInvoice,Posted,2026-09-17 12:07:51,Sales invoice SV-2026-15658
2026-09-15,JV-2026-006523,Auto,SalesInvoice,Posted,2026-09-17 12:07:45,Sales invoice SV-2026-15532
2026-09-15,JV-2026-006119,Auto,SalesInvoice,Posted,2026-09-17 12:07:23,Sales invoice SV-2026-15131
2026-09-15,JV-2026-006060,Auto,SalesInvoice,Posted,2026-09-17 12:07:19,Sales invoice SV-2026-15069
2026-09-15,JV-2026-006055,Auto,SalesInvoice,Posted,2026-09-17 12:07:19,Sales invoice SV-2026-15065
2026-09-15,JV-2026-005680,Auto,SalesInvoice,Posted,2026-09-17 12:06:39,Sales invoice SV-2026-14673
2026-09-15,JV-2026-005640,Auto,Receipt,Posted,2026-09-17 12:06:36,Receipt RC-2026-13120
2026-09-15,JV-2026-005608,Auto,SalesInvoice,Posted,2026-09-17 12:06:34,Sales invoice SV-2026-14609
2026-09-15,JV-2026-005593,Auto,SalesInvoice,Posted,2026-09-17 12:06:33,Sales invoice SV-2026-14594
2026-09-15,JV-2026-005300,Auto,SalesInvoice,Posted,2026-09-17 12:06:06,Sales invoice SV-2026-14314
2026-09-15,JV-2026-005190,Auto,SalesInvoice,Posted,2026-09-17 12:05:42,Sales invoice SV-2026-14205
2026-09-15,JV-2026-005101,Auto,SalesInvoice,Posted,2026-09-17 12:05:19,Sales invoice SV-2026-14129
2026-09-15,JV-2026-005080,Auto,Receipt,Posted,2026-09-17 12:05:15,Receipt RC-2026-12693
2026-09-15,JV-2026-004485,Auto,SalesInvoice,Posted,2026-09-17 12:04:17,Sales invoice SV-2026-13473
2026-09-15,JV-2026-004194,Auto,SalesInvoice,Posted,2026-09-17 12:03:50,Sales invoice SV-2026-13188
2026-09-15,JV-2026-003891,Auto,SalesInvoice,Posted,2026-09-17 12:03:14,Sales invoice SV-2026-12856
2026-09-14,JV-2026-008065,Auto,SalesInvoice,Posted,2026-09-17 12:09:27,Sales invoice SV-2026-17156
2026-09-14,JV-2026-008057,Auto,Receipt,Posted,2026-09-17 12:09:26,Receipt RC-2026-15104
2026-09-14,JV-2026-007851,Auto,SalesInvoice,Posted,2026-09-17 12:09:13,Sales invoice SV-2026-16948
2026-09-14,JV-2026-007798,Auto,SalesInvoice,Posted,2026-09-17 12:09:08,Sales invoice SV-2026-16893
2026-09-14,JV-2026-007222,Auto,SalesInvoice,Posted,2026-09-17 12:08:33,Sales invoice SV-2026-16302
2026-09-14,JV-2026-006996,Auto,SalesInvoice,Posted,2026-09-17 12:08:18,Sales invoice SV-2026-16069
2026-09-14,JV-2026-006890,Auto,Receipt,Posted,2026-09-17 12:08:11,Receipt RC-2026-14159
2026-09-14,JV-2026-006595,Auto,SalesInvoice,Posted,2026-09-17 12:07:48,Sales invoice SV-2026-15601
2026-09-14,JV-2026-006327,Auto,SalesInvoice,Posted,2026-09-17 12:07:34,Sales invoice SV-2026-15331
2026-09-14,JV-2026-006306,Auto,SalesInvoice,Posted,2026-09-17 12:07:33,Sales invoice SV-2026-15310
2026-09-14,JV-2026-006103,Auto,SalesInvoice,Posted,2026-09-17 12:07:22,Sales invoice SV-2026-15110
2026-09-14,JV-2026-005791,Auto,SalesInvoice,Posted,2026-09-17 12:06:49,Sales invoice SV-2026-14782
2026-09-14,JV-2026-005634,Auto,Receipt,Posted,2026-09-17 12:06:36,Receipt RC-2026-13117
2026-09-14,JV-2026-003933,Auto,SalesInvoice,Posted,2026-09-17 12:03:18,Sales invoice SV-2026-12904
2026-09-14,JV-2026-003929,Auto,SalesInvoice,Posted,2026-09-17 12:03:17,Sales invoice SV-2026-12899
2026-09-14,JV-2026-003916,Auto,Receipt,Posted,2026-09-17 12:03:16,Receipt RC-2026-11755
2026-09-14,JV-2026-003781,Auto,SalesInvoice,Posted,2026-09-17 12:03:03,Sales invoice SV-2026-12735
2026-09-14,,Manual,,Draft,,
2026-09-14,JV-2026-003617,Reversing,Reversal,Posted,2026-09-14 06:31:24,Reversal of JV-2026-003616
2026-09-13,JV-2026-008284,Auto,SalesInvoice,Posted,2026-09-17 12:09:38,Sales invoice SV-2026-17375
2026-09-13,JV-2026-008261,Auto,Receipt,Posted,2026-09-17 12:09:37,Receipt RC-2026-15261
2026-09-13,JV-2026-008188,Auto,Receipt,Posted,2026-09-17 12:09:33,Receipt RC-2026-15212
2026-09-13,JV-2026-008004,Auto,SalesInvoice,Posted,2026-09-17 12:09:24,Sales invoice SV-2026-17100
2026-09-13,JV-2026-007836,Auto,SalesInvoice,Posted,2026-09-17 12:09:12,Sales invoice SV-2026-16937
2026-09-13,JV-2026-007594,Auto,SalesInvoice,Posted,2026-09-17 12:08:54,Sales invoice SV-2026-16679
2026-09-13,JV-2026-007548,Auto,SalesInvoice,Posted,2026-09-17 12:08:52,Sales invoice SV-2026-16645
2026-09-13,JV-2026-007396,Auto,SalesInvoice,Posted,2026-09-17 12:08:44,Sales invoice SV-2026-16488
2026-09-13,JV-2026-007389,Auto,SalesInvoice,Posted,2026-09-17 12:08:43,Sales invoice SV-2026-16474
2026-09-13,JV-2026-007079,Auto,SalesInvoice,Posted,2026-09-17 12:08:24,Sales invoice SV-2026-16155
2026-09-13,JV-2026-007069,Auto,SalesInvoice,Posted,2026-09-17 12:08:23,Sales invoice SV-2026-16137
2026-09-13,JV-2026-006862,Auto,SalesInvoice,Posted,2026-09-17 12:08:10,Sales invoice SV-2026-15931
2026-09-13,JV-2026-006637,Auto,SalesInvoice,Posted,2026-09-17 12:07:51,Sales invoice SV-2026-15655
2026-09-13,JV-2026-006557,Auto,Receipt,Posted,2026-09-17 12:07:46,Receipt RC-2026-13841
2026-09-13,JV-2026-006382,Auto,Receipt,Posted,2026-09-17 12:07:37,Receipt RC-2026-13707
2026-09-13,JV-2026-006373,Auto,SalesInvoice,Posted,2026-09-17 12:07:36,Sales invoice SV-2026-15372
2026-09-13,JV-2026-006291,Auto,SalesInvoice,Posted,2026-09-17 12:07:33,Sales invoice SV-2026-15297
2026-09-13,JV-2026-005910,Auto,SalesInvoice,Posted,2026-09-17 12:07:10,Sales invoice SV-2026-14920
2026-09-13,JV-2026-005834,Auto,Receipt,Posted,2026-09-17 12:06:58,Receipt RC-2026-13285
2026-09-13,JV-2026-005734,Auto,SalesInvoice,Posted,2026-09-17 12:06:43,Sales invoice SV-2026-14724
2026-09-13,JV-2026-005661,Auto,SalesInvoice,Posted,2026-09-17 12:06:38,Sales invoice SV-2026-14656
2026-09-13,JV-2026-005454,Auto,SalesInvoice,Posted,2026-09-17 12:06:19,Sales invoice SV-2026-14459
2026-09-13,JV-2026-005432,Auto,SalesInvoice,Posted,2026-09-17 12:06:18,Sales invoice SV-2026-14439
2026-09-13,JV-2026-005310,Auto,SalesInvoice,Posted,2026-09-17 12:06:07,Sales invoice SV-2026-14323
2026-09-13,JV-2026-005273,Auto,SalesInvoice,Posted,2026-09-17 12:05:59,Sales invoice SV-2026-14281
2026-09-13,JV-2026-005230,Auto,SalesInvoice,Posted,2026-09-17 12:05:53,Sales invoice SV-2026-14238
2026-09-13,JV-2026-004950,Auto,SalesInvoice,Posted,2026-09-17 12:05:03,Sales invoice SV-2026-13977
2026-09-13,JV-2026-004603,Auto,Receipt,Posted,2026-09-17 12:04:27,Receipt RC-2026-12328
2026-09-13,JV-2026-004548,Auto,SalesInvoice,Posted,2026-09-17 12:04:22,Sales invoice SV-2026-13552
2026-09-13,JV-2026-004392,Auto,SalesInvoice,Posted,2026-09-17 12:04:11,Sales invoice SV-2026-13373
2026-09-12,JV-2026-008250,Auto,Receipt,Posted,2026-09-17 12:09:36,Receipt RC-2026-15253
2026-09-12,JV-2026-007740,Auto,SalesInvoice,Posted,2026-09-17 12:09:03,Sales invoice SV-2026-16828
2026-09-12,JV-2026-007045,Auto,SalesInvoice,Posted,2026-09-17 12:08:22,Sales invoice SV-2026-16122
2026-09-12,JV-2026-006432,Auto,Receipt,Posted,2026-09-17 12:07:40,Receipt RC-2026-13749
2026-09-12,JV-2026-005623,Auto,Receipt,Posted,2026-09-17 12:06:35,Receipt RC-2026-13108
2026-09-12,JV-2026-005424,Auto,Receipt,Posted,2026-09-17 12:06:17,Receipt RC-2026-12957
2026-09-12,JV-2026-005332,Auto,SalesInvoice,Posted,2026-09-17 12:06:09,Sales invoice SV-2026-14346
2026-09-12,JV-2026-005322,Auto,SalesInvoice,Posted,2026-09-17 12:06:08,Sales invoice SV-2026-14335
2026-09-12,JV-2026-004942,Auto,Receipt,Posted,2026-09-17 12:05:02,Receipt RC-2026-12603
2026-09-12,JV-2026-004826,Auto,SalesInvoice,Posted,2026-09-17 12:04:50,Sales invoice SV-2026-13846
2026-09-12,JV-2026-004315,Auto,Receipt,Posted,2026-09-17 12:04:05,Receipt RC-2026-12089
2026-09-11,JV-2026-008335,Auto,Receipt,Posted,2026-09-17 12:10:08,Receipt RC-2026-15331
2026-09-11,JV-2026-006538,Auto,Receipt,Posted,2026-09-17 12:07:45,Receipt RC-2026-13824
2026-09-11,JV-2026-006045,Auto,Receipt,Posted,2026-09-17 12:07:18,Receipt RC-2026-13457
2026-09-11,JV-2026-004082,Auto,SalesInvoice,Posted,2026-09-17 12:03:34,Sales invoice SV-2026-13070
2026-09-11,JV-2026-004062,Auto,Receipt,Posted,2026-09-17 12:03:31,Receipt RC-2026-11885
2026-09-10,JV-2026-008273,Auto,SalesInvoice,Posted,2026-09-17 12:09:37,Sales invoice SV-2026-17361
2026-09-10,JV-2026-007927,Auto,SalesInvoice,Posted,2026-09-17 12:09:19,Sales invoice SV-2026-17022
2026-09-10,JV-2026-007869,Auto,SalesInvoice,Posted,2026-09-17 12:09:16,Sales invoice SV-2026-16972
2026-09-10,JV-2026-007628,Auto,SalesInvoice,Posted,2026-09-17 12:08:56,Sales invoice SV-2026-16714
2026-09-10,JV-2026-007623,Auto,SalesInvoice,Posted,2026-09-17 12:08:55,Sales invoice SV-2026-16711
2026-09-10,JV-2026-007194,Auto,Receipt,Posted,2026-09-17 12:08:32,Receipt RC-2026-14417
2026-09-10,JV-2026-006851,Auto,Receipt,Posted,2026-09-17 12:08:10,Receipt RC-2026-14133
2026-09-10,JV-2026-006628,Auto,Receipt,Posted,2026-09-17 12:07:50,Receipt RC-2026-13906
2026-09-10,JV-2026-006183,Auto,Receipt,Posted,2026-09-17 12:07:26,Receipt RC-2026-13553
2026-09-10,JV-2026-005820,Auto,Receipt,Posted,2026-09-17 12:06:54,Receipt RC-2026-13270
2026-09-10,JV-2026-005613,Auto,SalesInvoice,Posted,2026-09-17 12:06:34,Sales invoice SV-2026-14613
2026-09-10,JV-2026-005503,Auto,SalesInvoice,Posted,2026-09-17 12:06:24,Sales invoice SV-2026-14501
2026-09-10,JV-2026-005114,Auto,Receipt,Posted,2026-09-17 12:05:21,Receipt RC-2026-12728
2026-09-10,JV-2026-005035,Auto,Receipt,Posted,2026-09-17 12:05:10,Receipt RC-2026-12664
2026-09-10,JV-2026-004812,Auto,Receipt,Posted,2026-09-17 12:04:48,Receipt RC-2026-12495
2026-09-10,JV-2026-004806,Auto,SalesInvoice,Posted,2026-09-17 12:04:47,Sales invoice SV-2026-13820
2026-09-10,JV-2026-004632,Auto,SalesInvoice,Posted,2026-09-17 12:04:28,Sales invoice SV-2026-13642
2026-09-10,JV-2026-004272,Auto,SalesInvoice,Posted,2026-09-17 12:04:00,Sales invoice SV-2026-13266
2026-09-10,JV-2026-004168,Auto,SalesInvoice,Posted,2026-09-17 12:03:47,Sales invoice SV-2026-13160
2026-09-09,JV-2026-008148,Auto,SalesInvoice,Posted,2026-09-17 12:09:31,Sales invoice SV-2026-17250
2026-09-09,JV-2026-007976,Auto,SalesInvoice,Posted,2026-09-17 12:09:22,Sales invoice SV-2026-17072
2026-09-09,JV-2026-007919,Auto,SalesInvoice,Posted,2026-09-17 12:09:18,Sales invoice SV-2026-17014
2026-09-09,JV-2026-007353,Auto,SalesInvoice,Posted,2026-09-17 12:08:41,Sales invoice SV-2026-16432
2026-09-09,JV-2026-007170,Auto,SalesInvoice,Posted,2026-09-17 12:08:30,Sales invoice SV-2026-16256
2026-09-09,JV-2026-007146,Auto,Receipt,Posted,2026-09-17 12:08:29,Receipt RC-2026-14378
2026-09-09,JV-2026-006987,Auto,SalesInvoice,Posted,2026-09-17 12:08:17,Sales invoice SV-2026-16054
2026-09-09,JV-2026-006767,Auto,Receipt,Posted,2026-09-17 12:08:01,Receipt RC-2026-14048
2026-09-09,JV-2026-006718,Auto,Receipt,Posted,2026-09-17 12:07:57,Receipt RC-2026-13997
2026-09-09,JV-2026-006450,Auto,SalesInvoice,Posted,2026-09-17 12:07:41,Sales invoice SV-2026-15456
2026-09-09,JV-2026-006390,Auto,SalesInvoice,Posted,2026-09-17 12:07:38,Sales invoice SV-2026-15399
2026-09-09,JV-2026-006115,Auto,Receipt,Posted,2026-09-17 12:07:23,Receipt RC-2026-13509
2026-09-09,JV-2026-005975,Auto,SalesInvoice,Posted,2026-09-17 12:07:13,Sales invoice SV-2026-14976
2026-09-09,JV-2026-005724,Auto,SalesInvoice,Posted,2026-09-17 12:06:43,Sales invoice SV-2026-14718
2026-09-09,JV-2026-005565,Auto,SalesInvoice,Posted,2026-09-17 12:06:30,Sales invoice SV-2026-14566
2026-09-09,JV-2026-005015,Auto,SalesInvoice,Posted,2026-09-17 12:05:09,Sales invoice SV-2026-14037
2026-09-09,JV-2026-004561,Auto,SalesInvoice,Posted,2026-09-17 12:04:23,Sales invoice SV-2026-13564
2026-09-09,JV-2026-004112,Auto,SalesInvoice,Posted,2026-09-17 12:03:39,Sales invoice SV-2026-13102
2026-09-09,JV-2026-004106,Auto,Receipt,Posted,2026-09-17 12:03:38,Receipt RC-2026-11927
2026-09-09,JV-2026-003890,Auto,SalesInvoice,Posted,2026-09-17 12:03:14,Sales invoice SV-2026-12854
2026-09-09,JV-2026-003871,Auto,Receipt,Posted,2026-09-17 12:03:13,Receipt RC-2026-11724
2026-09-09,JV-2026-003780,Auto,Receipt,Posted,2026-09-17 12:03:03,Receipt RC-2026-11642
2026-09-09,JV-2026-003730,Auto,SalesInvoice,Posted,2026-09-17 12:03:00,Sales invoice SV-2026-12686
2026-09-08,JV-2026-008504,Auto,SalesInvoice,Posted,2026-09-17 12:10:19,Sales invoice SV-2026-17600
2026-09-08,JV-2026-008231,Auto,SalesInvoice,Posted,2026-09-17 12:09:35,Sales invoice SV-2026-17321
2026-09-08,JV-2026-008194,Auto,SalesInvoice,Posted,2026-09-17 12:09:34,Sales invoice SV-2026-17292
2026-09-08,JV-2026-008094,Auto,Receipt,Posted,2026-09-17 12:09:28,Receipt RC-2026-15134
2026-09-08,JV-2026-007861,Auto,Receipt,Posted,2026-09-17 12:09:15,Receipt RC-2026-14959
2026-09-08,JV-2026-007540,Auto,SalesInvoice,Posted,2026-09-17 12:08:51,Sales invoice SV-2026-16630
2026-09-08,JV-2026-007388,Auto,Receipt,Posted,2026-09-17 12:08:43,Receipt RC-2026-14575
2026-09-08,JV-2026-007011,Auto,SalesInvoice,Posted,2026-09-17 12:08:19,Sales invoice SV-2026-16083
2026-09-08,JV-2026-006577,Auto,SalesInvoice,Posted,2026-09-17 12:07:48,Sales invoice SV-2026-15588
2026-09-08,JV-2026-006424,Auto,SalesInvoice,Posted,2026-09-17 12:07:40,Sales invoice SV-2026-15434
2026-09-08,JV-2026-005756,Auto,SalesInvoice,Posted,2026-09-17 12:06:47,Sales invoice SV-2026-14754
2026-09-08,JV-2026-005729,Auto,SalesInvoice,Posted,2026-09-17 12:06:43,Sales invoice SV-2026-14721
2026-09-08,JV-2026-005698,Auto,SalesInvoice,Posted,2026-09-17 12:06:41,Sales invoice SV-2026-14693
2026-09-08,JV-2026-005319,Auto,SalesInvoice,Posted,2026-09-17 12:06:08,Sales invoice SV-2026-14332
2026-09-08,JV-2026-005293,Auto,Receipt,Posted,2026-09-17 12:06:05,Receipt RC-2026-12860
2026-09-08,JV-2026-005223,Auto,Receipt,Posted,2026-09-17 12:05:52,Receipt RC-2026-12803
2026-09-08,JV-2026-004945,Auto,SalesInvoice,Posted,2026-09-17 12:05:03,Sales invoice SV-2026-13972
2026-09-08,JV-2026-004598,Auto,Receipt,Posted,2026-09-17 12:04:27,Receipt RC-2026-12325
2026-09-08,JV-2026-004528,Auto,SalesInvoice,Posted,2026-09-17 12:04:21,Sales invoice SV-2026-13530
2026-09-08,JV-2026-004502,Auto,SalesInvoice,Posted,2026-09-17 12:04:18,Sales invoice SV-2026-13492
2026-09-08,JV-2026-004401,Auto,Receipt,Posted,2026-09-17 12:04:11,Receipt RC-2026-12150
2026-09-08,JV-2026-003972,Auto,Receipt,Posted,2026-09-17 12:03:22,Receipt RC-2026-11808
2026-09-08,JV-2026-003936,Auto,SalesInvoice,Posted,2026-09-17 12:03:18,Sales invoice SV-2026-12908
2026-09-07,JV-2026-007980,Auto,Receipt,Posted,2026-09-17 12:09:22,Receipt RC-2026-15051
2026-09-07,JV-2026-007757,Auto,SalesInvoice,Posted,2026-09-17 12:09:05,Sales invoice SV-2026-16848
2026-09-07,JV-2026-007542,Auto,SalesInvoice,Posted,2026-09-17 12:08:52,Sales invoice SV-2026-16638
2026-09-07,JV-2026-007182,Auto,SalesInvoice,Posted,2026-09-17 12:08:31,Sales invoice SV-2026-16266
2026-09-07,JV-2026-007054,Auto,SalesInvoice,Posted,2026-09-17 12:08:22,Sales invoice SV-2026-16127
2026-09-07,JV-2026-007012,Auto,SalesInvoice,Posted,2026-09-17 12:08:19,Sales invoice SV-2026-16085
2026-09-07,JV-2026-007006,Auto,Receipt,Posted,2026-09-17 12:08:18,Receipt RC-2026-14252
2026-09-07,JV-2026-006650,Auto,SalesInvoice,Posted,2026-09-17 12:07:52,Sales invoice SV-2026-15677
2026-09-07,JV-2026-006598,Auto,SalesInvoice,Posted,2026-09-17 12:07:48,Sales invoice SV-2026-15604
2026-09-07,JV-2026-006037,Auto,SalesInvoice,Posted,2026-09-17 12:07:17,Sales invoice SV-2026-15044
2026-09-07,JV-2026-005832,Auto,Receipt,Posted,2026-09-17 12:06:58,Receipt RC-2026-13284
2026-09-07,JV-2026-005796,Auto,SalesInvoice,Posted,2026-09-17 12:06:49,Sales invoice SV-2026-14787
2026-09-07,JV-2026-005491,Auto,Receipt,Posted,2026-09-17 12:06:23,Receipt RC-2026-13003
2026-09-07,JV-2026-005356,Auto,SalesInvoice,Posted,2026-09-17 12:06:11,Sales invoice SV-2026-14370
2026-09-07,JV-2026-004913,Auto,Receipt,Posted,2026-09-17 12:04:59,Receipt RC-2026-12577
2026-09-07,JV-2026-004870,Auto,SalesInvoice,Posted,2026-09-17 12:04:56,Sales invoice SV-2026-13895
2026-09-07,JV-2026-004836,Auto,SalesInvoice,Posted,2026-09-17 12:04:52,Sales invoice SV-2026-13862
2026-09-07,JV-2026-004701,Auto,Receipt,Posted,2026-09-17 12:04:36,Receipt RC-2026-12403
2026-09-07,JV-2026-004670,Auto,SalesInvoice,Posted,2026-09-17 12:04:32,Sales invoice SV-2026-13678
2026-09-07,JV-2026-004327,Auto,SalesInvoice,Posted,2026-09-17 12:04:05,Sales invoice SV-2026-13318
2026-09-07,JV-2026-004089,Auto,SalesInvoice,Posted,2026-09-17 12:03:36,Sales invoice SV-2026-13081
2026-09-07,JV-2026-003840,Auto,SalesInvoice,Posted,2026-09-17 12:03:07,Sales invoice SV-2026-12797
2026-09-06,JV-2026-008389,Auto,SalesInvoice,Posted,2026-09-17 12:10:12,Sales invoice SV-2026-17478
2026-09-06,JV-2026-008249,Auto,SalesInvoice,Posted,2026-09-17 12:09:36,Sales invoice SV-2026-17339
2026-09-06,JV-2026-007772,Auto,SalesInvoice,Posted,2026-09-17 12:09:06,Sales invoice SV-2026-16861
2026-09-06,JV-2026-007435,Auto,SalesInvoice,Posted,2026-09-17 12:08:46,Sales invoice SV-2026-16527
2026-09-06,JV-2026-006957,Auto,SalesInvoice,Posted,2026-09-17 12:08:15,Sales invoice SV-2026-16017
2026-09-06,JV-2026-006920,Auto,Receipt,Posted,2026-09-17 12:08:13,Receipt RC-2026-14175
2026-09-06,JV-2026-006889,Auto,SalesInvoice,Posted,2026-09-17 12:08:11,Sales invoice SV-2026-15956
2026-09-06,JV-2026-006841,Auto,SalesInvoice,Posted,2026-09-17 12:08:09,Sales invoice SV-2026-15913
2026-09-06,JV-2026-006495,Auto,SalesInvoice,Posted,2026-09-17 12:07:43,Sales invoice SV-2026-15500
2026-09-06,JV-2026-006181,Auto,Receipt,Posted,2026-09-17 12:07:26,Receipt RC-2026-13551
2026-09-06,JV-2026-006098,Auto,SalesInvoice,Posted,2026-09-17 12:07:22,Sales invoice SV-2026-15104
2026-09-06,JV-2026-005987,Auto,SalesInvoice,Posted,2026-09-17 12:07:14,Sales invoice SV-2026-14988
2026-09-06,JV-2026-005985,Auto,SalesInvoice,Posted,2026-09-17 12:07:14,Sales invoice SV-2026-14985
2026-09-06,JV-2026-005639,Auto,SalesInvoice,Posted,2026-09-17 12:06:36,Sales invoice SV-2026-14633
2026-09-06,JV-2026-005531,Auto,Receipt,Posted,2026-09-17 12:06:28,Receipt RC-2026-13039
2026-09-06,JV-2026-005467,Auto,SalesInvoice,Posted,2026-09-17 12:06:21,Sales invoice SV-2026-14470
2026-09-06,JV-2026-005070,Auto,SalesInvoice,Posted,2026-09-17 12:05:14,Sales invoice SV-2026-14087
2026-09-06,JV-2026-004732,Auto,SalesInvoice,Posted,2026-09-17 12:04:39,Sales invoice SV-2026-13748
2026-09-06,JV-2026-004419,Auto,SalesInvoice,Posted,2026-09-17 12:04:13,Sales invoice SV-2026-13404
2026-09-06,JV-2026-004314,Auto,SalesInvoice,Posted,2026-09-17 12:04:05,Sales invoice SV-2026-13310
2026-09-06,JV-2026-004186,Auto,SalesInvoice,Posted,2026-09-17 12:03:49,Sales invoice SV-2026-13182
2026-09-06,JV-2026-003930,Auto,SalesInvoice,Posted,2026-09-17 12:03:17,Sales invoice SV-2026-12902
2026-09-06,JV-2026-003923,Auto,SalesInvoice,Posted,2026-09-17 12:03:16,Sales invoice SV-2026-12890
2026-09-05,JV-2026-008480,Auto,Receipt,Posted,2026-09-17 12:10:17,Receipt RC-2026-15451
2026-09-05,JV-2026-008096,Auto,Receipt,Posted,2026-09-17 12:09:28,Receipt RC-2026-15135
2026-09-05,JV-2026-008068,Auto,SalesInvoice,Posted,2026-09-17 12:09:27,Sales invoice SV-2026-17159
2026-09-05,JV-2026-007392,Auto,Receipt,Posted,2026-09-17 12:08:43,Receipt RC-2026-14581
2026-09-05,JV-2026-006297,Auto,SalesInvoice,Posted,2026-09-17 12:07:33,Sales invoice SV-2026-15304
2026-09-05,JV-2026-005991,Auto,Receipt,Posted,2026-09-17 12:07:14,Receipt RC-2026-13413
2026-09-05,JV-2026-005085,Auto,Receipt,Posted,2026-09-17 12:05:16,Receipt RC-2026-12698
2026-09-05,JV-2026-004985,Auto,Receipt,Posted,2026-09-17 12:05:07,Receipt RC-2026-12633
2026-09-05,JV-2026-004975,Auto,SalesInvoice,Posted,2026-09-17 12:05:06,Sales invoice SV-2026-14004
2026-09-05,JV-2026-004965,Auto,Receipt,Posted,2026-09-17 12:05:05,Receipt RC-2026-12623
2026-09-05,JV-2026-004823,Auto,Receipt,Posted,2026-09-17 12:04:50,Receipt RC-2026-12506
2026-09-05,JV-2026-004317,Auto,Receipt,Posted,2026-09-17 12:04:05,Receipt RC-2026-12090
2026-09-05,JV-2026-004097,Auto,Receipt,Posted,2026-09-17 12:03:37,Receipt RC-2026-11917
2026-09-05,JV-2026-003804,Auto,SalesInvoice,Posted,2026-09-17 12:03:04,Sales invoice SV-2026-12762
2026-09-04,JV-2026-007738,Auto,Receipt,Posted,2026-09-17 12:09:02,Receipt RC-2026-14850
2026-09-04,JV-2026-007726,Auto,Receipt,Posted,2026-09-17 12:09:01,Receipt RC-2026-14839
2026-09-04,JV-2026-007633,Auto,Receipt,Posted,2026-09-17 12:08:56,Receipt RC-2026-14773
2026-09-04,JV-2026-007518,Auto,Receipt,Posted,2026-09-17 12:08:50,Receipt RC-2026-14686
2026-09-04,JV-2026-007497,Auto,Receipt,Posted,2026-09-17 12:08:49,Receipt RC-2026-14675
2026-09-04,JV-2026-007002,Auto,Receipt,Posted,2026-09-17 12:08:18,Receipt RC-2026-14250
2026-09-04,JV-2026-006922,Auto,Receipt,Posted,2026-09-17 12:08:13,Receipt RC-2026-14176
2026-09-04,JV-2026-006666,Auto,Receipt,Posted,2026-09-17 12:07:53,Receipt RC-2026-13944
2026-09-04,JV-2026-006588,Auto,Receipt,Posted,2026-09-17 12:07:48,Receipt RC-2026-13869
2026-09-04,JV-2026-006238,Auto,Receipt,Posted,2026-09-17 12:07:30,Receipt RC-2026-13604
2026-09-04,JV-2026-005105,Auto,Receipt,Posted,2026-09-17 12:05:21,Receipt RC-2026-12724
2026-09-04,JV-2026-004786,Auto,Receipt,Posted,2026-09-17 12:04:45,Receipt RC-2026-12471
2026-09-04,JV-2026-003799,Auto,SalesInvoice,Posted,2026-09-17 12:03:04,Sales invoice SV-2026-12758
2026-09-04,JV-2026-003698,Auto,SalesInvoice,Posted,2026-09-17 12:02:57,Sales invoice SV-2026-12641
2026-09-03,JV-2026-007967,Auto,SalesInvoice,Posted,2026-09-17 12:09:21,Sales invoice SV-2026-17065
2026-09-03,JV-2026-007896,Auto,Receipt,Posted,2026-09-17 12:09:17,Receipt RC-2026-14986
2026-09-03,JV-2026-007821,Auto,Receipt,Posted,2026-09-17 12:09:10,Receipt RC-2026-14923
2026-09-03,JV-2026-007795,Auto,SalesInvoice,Posted,2026-09-17 12:09:08,Sales invoice SV-2026-16890
2026-09-03,JV-2026-007370,Auto,Receipt,Posted,2026-09-17 12:08:42,Receipt RC-2026-14561
2026-09-03,JV-2026-007236,Auto,Receipt,Posted,2026-09-17 12:08:34,Receipt RC-2026-14443
2026-09-03,JV-2026-007017,Auto,Receipt,Posted,2026-09-17 12:08:19,Receipt RC-2026-14260
2026-09-03,JV-2026-006423,Auto,SalesInvoice,Posted,2026-09-17 12:07:40,Sales invoice SV-2026-15432
2026-09-03,JV-2026-006345,Auto,Receipt,Posted,2026-09-17 12:07:35,Receipt RC-2026-13681
2026-09-03,JV-2026-006100,Auto,SalesInvoice,Posted,2026-09-17 12:07:22,Sales invoice SV-2026-15108
2026-09-03,JV-2026-005882,Auto,SalesInvoice,Posted,2026-09-17 12:07:06,Sales invoice SV-2026-14887
2026-09-03,JV-2026-005831,Auto,SalesInvoice,Posted,2026-09-17 12:06:58,Sales invoice SV-2026-14833
2026-09-03,JV-2026-005558,Auto,SalesInvoice,Posted,2026-09-17 12:06:30,Sales invoice SV-2026-14561
2026-09-03,JV-2026-005180,Auto,SalesInvoice,Posted,2026-09-17 12:05:31,Sales invoice SV-2026-14197
2026-09-03,JV-2026-005079,Auto,SalesInvoice,Posted,2026-09-17 12:05:15,Sales invoice SV-2026-14097
2026-09-03,JV-2026-005019,Auto,SalesInvoice,Posted,2026-09-17 12:05:09,Sales invoice SV-2026-14041
2026-09-03,JV-2026-004929,Auto,Receipt,Posted,2026-09-17 12:05:01,Receipt RC-2026-12592
2026-09-03,JV-2026-004912,Auto,SalesInvoice,Posted,2026-09-17 12:04:59,Sales invoice SV-2026-13937
2026-09-03,JV-2026-004821,Auto,SalesInvoice,Posted,2026-09-17 12:04:49,Sales invoice SV-2026-13840
2026-09-03,JV-2026-004811,Auto,SalesInvoice,Posted,2026-09-17 12:04:48,Sales invoice SV-2026-13829
2026-09-03,JV-2026-004738,Auto,SalesInvoice,Posted,2026-09-17 12:04:40,Sales invoice SV-2026-13755
2026-09-03,JV-2026-004700,Auto,SalesInvoice,Posted,2026-09-17 12:04:35,Sales invoice SV-2026-13719
2026-09-03,JV-2026-004661,Auto,SalesInvoice,Posted,2026-09-17 12:04:31,Sales invoice SV-2026-13669
2026-09-03,JV-2026-004552,Auto,SalesInvoice,Posted,2026-09-17 12:04:22,Sales invoice SV-2026-13557
2026-09-03,JV-2026-004147,Auto,SalesInvoice,Posted,2026-09-17 12:03:43,Sales invoice SV-2026-13141
2026-09-03,JV-2026-004002,Auto,SalesInvoice,Posted,2026-09-17 12:03:25,Sales invoice SV-2026-12982
2026-09-03,JV-2026-003709,Auto,Receipt,Posted,2026-09-17 12:02:58,Receipt RC-2026-11586
2026-09-02,JV-2026-008449,Auto,Receipt,Posted,2026-09-17 12:10:15,Receipt RC-2026-15425
2026-09-02,JV-2026-008324,Auto,Receipt,Posted,2026-09-17 12:10:07,Receipt RC-2026-15324
2026-09-02,JV-2026-008173,Auto,SalesInvoice,Posted,2026-09-17 12:09:33,Sales invoice SV-2026-17275
2026-09-02,JV-2026-007710,Auto,Receipt,Posted,2026-09-17 12:09:00,Receipt RC-2026-14829
2026-09-02,JV-2026-007585,Auto,SalesInvoice,Posted,2026-09-17 12:08:53,Sales invoice SV-2026-16672
2026-09-02,JV-2026-007286,Auto,SalesInvoice,Posted,2026-09-17 12:08:37,Sales invoice SV-2026-16371
2026-09-02,JV-2026-006708,Auto,Receipt,Posted,2026-09-17 12:07:55,Receipt RC-2026-13984
2026-09-02,JV-2026-006385,Auto,SalesInvoice,Posted,2026-09-17 12:07:37,Sales invoice SV-2026-15387
2026-09-02,JV-2026-006339,Auto,SalesInvoice,Posted,2026-09-17 12:07:35,Sales invoice SV-2026-15345
2026-09-02,JV-2026-005033,Auto,SalesInvoice,Posted,2026-09-17 12:05:10,Sales invoice SV-2026-14053
2026-09-02,JV-2026-004858,Auto,SalesInvoice,Posted,2026-09-17 12:04:55,Sales invoice SV-2026-13887
2026-09-02,JV-2026-004825,Auto,Receipt,Posted,2026-09-17 12:04:50,Receipt RC-2026-12507
2026-09-02,JV-2026-004727,Auto,Receipt,Posted,2026-09-17 12:04:38,Receipt RC-2026-12422
2026-09-02,JV-2026-004629,Auto,Receipt,Posted,2026-09-17 12:04:28,Receipt RC-2026-12345
2026-09-02,JV-2026-004564,Auto,SalesInvoice,Posted,2026-09-17 12:04:23,Sales invoice SV-2026-13566
2026-09-02,JV-2026-004339,Auto,Receipt,Posted,2026-09-17 12:04:06,Receipt RC-2026-12101
2026-09-02,JV-2026-004158,Auto,SalesInvoice,Posted,2026-09-17 12:03:46,Sales invoice SV-2026-13152
2026-09-02,JV-2026-003959,Auto,SalesInvoice,Posted,2026-09-17 12:03:20,Sales invoice SV-2026-12933
2026-09-01,JV-2026-008216,Auto,Receipt,Posted,2026-09-17 12:09:35,Receipt RC-2026-15231
2026-09-01,JV-2026-008196,Auto,Receipt,Posted,2026-09-17 12:09:34,Receipt RC-2026-15217
2026-09-01,JV-2026-008073,Auto,SalesInvoice,Posted,2026-09-17 12:09:27,Sales invoice SV-2026-17167
2026-09-01,JV-2026-007567,Auto,Receipt,Posted,2026-09-17 12:08:53,Receipt RC-2026-14724
2026-09-01,JV-2026-007391,Auto,SalesInvoice,Posted,2026-09-17 12:08:43,Sales invoice SV-2026-16481
2026-09-01,JV-2026-007062,Auto,Receipt,Posted,2026-09-17 12:08:22,Receipt RC-2026-14295
2026-09-01,JV-2026-006459,Auto,Receipt,Posted,2026-09-17 12:07:42,Receipt RC-2026-13770
2026-09-01,JV-2026-006389,Auto,SalesInvoice,Posted,2026-09-17 12:07:38,Sales invoice SV-2026-15395
2026-09-01,JV-2026-005959,Auto,Receipt,Posted,2026-09-17 12:07:12,Receipt RC-2026-13390
2026-09-01,JV-2026-005679,Auto,Receipt,Posted,2026-09-17 12:06:39,Receipt RC-2026-13155
2026-09-01,JV-2026-005365,Auto,Receipt,Posted,2026-09-17 12:06:12,Receipt RC-2026-12913
2026-09-01,JV-2026-004658,Auto,Receipt,Posted,2026-09-17 12:04:31,Receipt RC-2026-12363
2026-09-01,JV-2026-004533,Auto,SalesInvoice,Posted,2026-09-17 12:04:21,Sales invoice SV-2026-13537
2026-09-01,JV-2026-004496,Auto,SalesInvoice,Posted,2026-09-17 12:04:17,Sales invoice SV-2026-13486
2026-09-01,JV-2026-004341,Auto,Receipt,Posted,2026-09-17 12:04:06,Receipt RC-2026-12103
2026-09-01,JV-2026-004280,Auto,SalesInvoice,Posted,2026-09-17 12:04:01,Sales invoice SV-2026-13276
2026-09-01,JV-2026-004104,Auto,Receipt,Posted,2026-09-17 12:03:38,Receipt RC-2026-11926
2026-09-01,JV-2026-003827,Auto,SalesInvoice,Posted,2026-09-17 12:03:06,Sales invoice SV-2026-12787
0,,339,11,339,0,
