screenshot_id,scenario,step,language,route,role,record_id,before_after,filename,viewport,capture_time,readiness_ok,readiness_checks_passed,countersSettled,noSpinners,expect_check,duplicate_group,privacy_treatment,evidence_reference,file_exists,sha256_12,bytes,page_title,heading,html_lang,direction
ACC-GL-01-01_empty-form,ACC-GL-01,1 open the form,ar,/Accounting/CreateJournal,ChiefAccountant/admin,,before,ACC-GL-01-01_empty-form.ar.png,1600x1000,2026-09-21T08:46:34.466Z,True,8,True,True,#entryDate,,synthetic data on an isolated disposable database (CrossBuyAcctTest),runtime observed,True,09db101b266a,79254,النظام المحاسبي - CrossBuy,قيد يومية جديد,ar,rtl
ACC-GL-01-02_filled-before-save,ACC-GL-01,"2 completed form, before submission",ar,/Accounting/CreateJournal,ChiefAccountant/admin,,before,ACC-GL-01-02_filled-before-save.ar.png,1600x1000,2026-09-21T08:46:36.289Z,True,8,True,True,#rows tr,,synthetic data on an isolated disposable database (CrossBuyAcctTest),runtime observed,True,fcaaa3be0480,85779,النظام المحاسبي - CrossBuy,قيد يومية جديد,ar,rtl
ACC-GL-01-03_after-save-draft,ACC-GL-01,3 after Save draft,ar,/Accounting/Journals,ChiefAccountant/admin,,after,ACC-GL-01-03_after-save-draft.ar.png,1600x1000,2026-09-21T08:46:41.389Z,True,8,True,True,(none set),,synthetic data on an isolated disposable database (CrossBuyAcctTest),runtime observed,True,09732b83da4f,179637,النظام المحاسبي - CrossBuy,القيود اليومية,ar,rtl
ACC-GL-01-01_empty-form,ACC-GL-01,1 open the form,en,/Accounting/CreateJournal,ChiefAccountant/admin,,before,ACC-GL-01-01_empty-form.en.png,1600x1000,2026-09-21T08:46:16.507Z,True,8,True,True,#entryDate,,synthetic data on an isolated disposable database (CrossBuyAcctTest),runtime observed,True,ccdf29241f23,98762,Accounting System - CrossBuy,New Journal Entry,en,ltr
ACC-GL-01-02_filled-before-save,ACC-GL-01,"2 completed form, before submission",en,/Accounting/CreateJournal,ChiefAccountant/admin,,before,ACC-GL-01-02_filled-before-save.en.png,1600x1000,2026-09-21T08:46:18.334Z,True,8,True,True,#rows tr,,synthetic data on an isolated disposable database (CrossBuyAcctTest),runtime observed,True,a52ec1e84b7d,105035,Accounting System - CrossBuy,New Journal Entry,en,ltr
ACC-GL-01-03_after-save-draft,ACC-GL-01,3 after Save draft,en,/Accounting/Journals,ChiefAccountant/admin,,after,ACC-GL-01-03_after-save-draft.en.png,1600x1000,2026-09-21T08:46:23.366Z,True,8,True,True,(none set),,synthetic data on an isolated disposable database (CrossBuyAcctTest),runtime observed,True,2c38a6781e5f,213362,Accounting System - CrossBuy,Journal Entries,en,ltr
ACC-GL-01-04_draft-in-list,ACC-GL-01,4 the draft in the journals list,ar,/Accounting/Journals,ChiefAccountant/admin,JE 24214,before posting,ACC-GL-01-04_draft-in-list.ar.png,1600x1000,2026-09-21T08:47:23.627Z,True,8,True,True,ZZ-DISCOVERY GL-01,,synthetic data on an isolated disposable database (CrossBuyAcctTest),runtime observed,True,17b3e7926e85,174407,النظام المحاسبي - CrossBuy,القيود اليومية,ar,rtl
ACC-GL-01-05_after-post,ACC-GL-01,5 confirmation after posting,ar,/Accounting/Journals,ChiefAccountant/admin,JE 24214,after posting,ACC-GL-01-05_after-post.ar.png,1600x1000,2026-09-21T08:47:29.073Z,True,8,True,True,(none set),,synthetic data on an isolated disposable database (CrossBuyAcctTest),runtime observed,True,72193d70c71b,175858,النظام المحاسبي - CrossBuy,القيود اليومية,ar,rtl
ACC-GL-01-06_after-reverse,ACC-GL-01,6 confirmation after reversal,ar,/Accounting/Journals,ChiefAccountant/admin,JE 24214,after reversal,ACC-GL-01-06_after-reverse.ar.png,1600x1000,2026-09-21T08:47:36.262Z,True,8,True,True,(none set),DUP-01,synthetic data on an isolated disposable database (CrossBuyAcctTest),runtime observed,True,6c83f90da256,174910,النظام المحاسبي - CrossBuy,القيود اليومية,ar,rtl
ACC-GL-01-04_draft-in-list,ACC-GL-01,4 the draft in the journals list,en,/Accounting/Journals,ChiefAccountant/admin,JE 24232,before posting,ACC-GL-01-04_draft-in-list.en.png,1600x1000,2026-09-21T09:55:42.670Z,True,8,True,True,ZZ-DISCOVERY GL-01,,synthetic data on an isolated disposable database (CrossBuyAcctTest),runtime observed,True,beb311f83bfe,203026,Accounting System - CrossBuy,Journal Entries,en,ltr
ACC-GL-01-05_after-post,ACC-GL-01,5 confirmation after posting,en,/Accounting/Journals,ChiefAccountant/admin,JE 24232,after posting,ACC-GL-01-05_after-post.en.png,1600x1000,2026-09-21T09:55:48.232Z,True,8,True,True,(none set),,synthetic data on an isolated disposable database (CrossBuyAcctTest),runtime observed,True,6b6e19f9f323,208693,Accounting System - CrossBuy,Journal Entries,en,ltr
ACC-GL-01-06_after-reverse,ACC-GL-01,6 confirmation after reversal,en,/Accounting/Journals,ChiefAccountant/admin,JE 24232,after reversal,ACC-GL-01-06_after-reverse.en.png,1600x1000,2026-09-21T09:55:55.974Z,True,8,True,True,(none set),,synthetic data on an isolated disposable database (CrossBuyAcctTest),runtime observed,True,58d331e190c1,207556,Accounting System - CrossBuy,Journal Entries,en,ltr
ACC-P2P-01-01_invoice-posted,ACC-P2P-01,purchase invoices incl. PI-2026-05073/74,ar,/Accounting/PurchaseInvoices,ChiefAccountant/admin,,result (Arabic),ACC-P2P-01-01_invoice-posted.ar.png,1600x1000,2026-09-21T10:07:50.186Z,True,8,True,True,(none set),,synthetic data on an isolated disposable database (CrossBuyAcctTest),runtime observed,True,1bd37ea5af0a,152421,النظام المحاسبي - CrossBuy,فواتير الشراء,ar,rtl
ACC-P2P-02-01_partial-payment,ACC-P2P-02,payments incl. PY-2026-00008/9,ar,/Accounting/Payments,ChiefAccountant/admin,,result (Arabic),ACC-P2P-02-01_partial-payment.ar.png,1600x1000,2026-09-21T10:07:51.984Z,True,8,True,True,(none set),,synthetic data on an isolated disposable database (CrossBuyAcctTest),runtime observed,True,2033b9a5b9a5,114619,النظام المحاسبي - CrossBuy,سندات الدفع,ar,rtl
ACC-P2P-02-02_remaining-balance,ACC-P2P-02,supplier aging after settlement,ar,/Accounting/ApAging,ChiefAccountant/admin,,result (Arabic),ACC-P2P-02-02_remaining-balance.ar.png,1600x1000,2026-09-21T10:07:53.718Z,True,8,True,True,(none set),,synthetic data on an isolated disposable database (CrossBuyAcctTest),runtime observed,True,8c8ab00c23ce,97675,النظام المحاسبي - CrossBuy,أعمار ديون الموردين,ar,rtl
ACC-P2P-05-01_purchase-return,ACC-P2P-05,purchase return DN-2026-03016,ar,/Accounting/PurchaseReturns,ChiefAccountant/admin,,result (Arabic),ACC-P2P-05-01_purchase-return.ar.png,1600x1000,2026-09-21T10:07:55.445Z,True,8,True,True,(none set),,synthetic data on an isolated disposable database (CrossBuyAcctTest),runtime observed,True,e8ef708283b1,153601,النظام المحاسبي - CrossBuy,مرتجعات الشراء / إشعارات المدين,ar,rtl
ACC-O2C-01-01_invoice-posted,ACC-O2C-01,sales invoices incl. SV-2026-17613,ar,/Accounting/SalesInvoices,ChiefAccountant/admin,,result (Arabic),ACC-O2C-01-01_invoice-posted.ar.png,1600x1000,2026-09-21T10:07:57.163Z,True,8,True,True,(none set),,synthetic data on an isolated disposable database (CrossBuyAcctTest),runtime observed,True,1825fa170743,158628,النظام المحاسبي - CrossBuy,فواتير البيع,ar,rtl
ACC-O2C-02-01_partial-receipt,ACC-O2C-02,receipts incl. RC-2026-15485/6,ar,/Accounting/Receipts,ChiefAccountant/admin,,result (Arabic),ACC-O2C-02-01_partial-receipt.ar.png,1600x1000,2026-09-21T10:07:58.916Z,True,8,True,True,(none set),,synthetic data on an isolated disposable database (CrossBuyAcctTest),runtime observed,True,03de91cefaaa,133914,النظام المحاسبي - CrossBuy,سندات القبض,ar,rtl
ACC-O2C-02-02_remaining-balance,ACC-O2C-02,customer aging after collection,ar,/Accounting/ArAging,ChiefAccountant/admin,,result (Arabic),ACC-O2C-02-02_remaining-balance.ar.png,1600x1000,2026-09-21T10:08:00.650Z,True,8,True,True,(none set),DUP-02,synthetic data on an isolated disposable database (CrossBuyAcctTest),runtime observed,True,017fe4c6b449,145260,النظام المحاسبي - CrossBuy,أعمار ديون العملاء,ar,rtl
ACC-O2C-03-01_sales-return,ACC-O2C-03,sales return CN-2026-04050,ar,/Accounting/SalesReturns,ChiefAccountant/admin,,result (Arabic),ACC-O2C-03-01_sales-return.ar.png,1600x1000,2026-09-21T10:08:02.392Z,True,8,True,True,(none set),,synthetic data on an isolated disposable database (CrossBuyAcctTest),runtime observed,True,b17f114c9225,155007,النظام المحاسبي - CrossBuy,مرتجعات البيع / إشعارات الدائن,ar,rtl
ACC-GL-02_journal-register,ACC-GL-01,the register showing every posting,ar,/Accounting/Journals,ChiefAccountant/admin,,result (Arabic),ACC-GL-02_journal-register.ar.png,1600x1000,2026-09-21T10:08:04.224Z,True,8,True,True,(none set),,synthetic data on an isolated disposable database (CrossBuyAcctTest),runtime observed,True,cd4d521d69fc,183241,النظام المحاسبي - CrossBuy,القيود اليومية,ar,rtl
ACC-FA-01-01_asset-created,ACC-FA-01,the capitalised asset,ar,/Accounting/FixedAssets,ChiefAccountant/admin,,result (Arabic),ACC-FA-01-01_asset-created.ar.png,1600x1000,2026-09-21T10:08:05.994Z,True,8,True,True,(none set),,synthetic data on an isolated disposable database (CrossBuyAcctTest),runtime observed,True,0d803e9610fc,140894,النظام المحاسبي - CrossBuy,الأصول الثابتة,ar,rtl
ACC-FA-02-01_depreciation-run,ACC-FA-02,depreciation runs,ar,/Accounting/DepreciationRuns,ChiefAccountant/admin,,result (Arabic),ACC-FA-02-01_depreciation-run.ar.png,1600x1000,2026-09-21T10:08:07.698Z,True,8,True,True,(none set),,synthetic data on an isolated disposable database (CrossBuyAcctTest),runtime observed,True,9623e10a08f0,99113,النظام المحاسبي - CrossBuy,الإهلاك الشهري,ar,rtl
ACC-BNK-01-01_transfer,ACC-BNK-01,cash/bank transfer screen,ar,/Accounting/Transfer,ChiefAccountant/admin,,result (Arabic),ACC-BNK-01-01_transfer.ar.png,1600x1000,2026-09-21T10:08:09.402Z,True,8,True,True,(none set),,synthetic data on an isolated disposable database (CrossBuyAcctTest),runtime observed,True,3e5563c2279f,75032,النظام المحاسبي - CrossBuy,تحويل بين الحسابات,ar,rtl
ACC-CLS-01-01_periods-before,ACC-CLS-01,fiscal periods,ar,/Accounting/Periods,ChiefAccountant/admin,,result (Arabic),ACC-CLS-01-01_periods-before.ar.png,1600x1000,2026-09-21T10:08:11.100Z,True,8,True,True,(none set),,synthetic data on an isolated disposable database (CrossBuyAcctTest),runtime observed,True,cc2812153048,133370,النظام المحاسبي - CrossBuy,الفترات المالية,ar,rtl
ACC-CLS-02-01_year-end-before,ACC-CLS-02,year-end close,ar,/Accounting/YearEndClose,ChiefAccountant/admin,,result (Arabic),ACC-CLS-02-01_year-end-before.ar.png,1600x1000,2026-09-21T10:08:12.883Z,True,8,True,True,(none set),,synthetic data on an isolated disposable database (CrossBuyAcctTest),runtime observed,True,bb88be8cfb16,115116,النظام المحاسبي - CrossBuy,إقفال السنة المالية,ar,rtl
ACC-FX-01-01_revaluation,ACC-FX-01,foreign-currency revaluation,ar,/Currency/Revaluation,ChiefAccountant/admin,,result (Arabic),ACC-FX-01-01_revaluation.ar.png,1600x1000,2026-09-21T10:08:14.723Z,True,8,True,True,(none set),,synthetic data on an isolated disposable database (CrossBuyAcctTest),runtime observed,True,4b93afb3cfc4,134381,النظام المحاسبي - CrossBuy,إعادة تقييم العملات الأجنبية,ar,rtl
ACC-RPT-10_reports-center,ACC-REPORTS,the reporting catalogue,ar,/Reports/Index,ChiefAccountant/admin,,result (Arabic),ACC-RPT-10_reports-center.ar.png,1600x1000,2026-09-21T10:08:17.070Z,True,8,True,True,(none set),,synthetic data on an isolated disposable database (CrossBuyAcctTest),runtime observed,True,63c7044d855b,137079,نظام المخازن - CrossBuy,مركز التقارير,ar,rtl
ACC-CLS-01-01_periods-before,ACC-CLS-01,1 fiscal periods before closing,en,/Accounting/Periods,ChiefAccountant/admin,period 9,before,ACC-CLS-01-01_periods-before.en.png,1600x1000,2026-09-21T09:22:18.912Z,True,8,True,True,(none set),,synthetic data on an isolated disposable database (CrossBuyAcctTest),runtime observed,True,07e824d516e5,158525,Accounting System - CrossBuy,Fiscal Periods,en,ltr
ACC-CLS-01-02_period-closed,ACC-CLS-01,2 after closing the period,en,/Accounting/Periods,ChiefAccountant/admin,period 9,after close,ACC-CLS-01-02_period-closed.en.png,1600x1000,2026-09-21T09:22:26.298Z,True,8,True,True,(none set),,synthetic data on an isolated disposable database (CrossBuyAcctTest),runtime observed,True,b2aef1d66b39,164610,Accounting System - CrossBuy,Fiscal Periods,en,ltr
ACC-CLS-01-03_closed-period-refusal,ACC-CLS-01,3 refusal when posting into a closed period,en,/Accounting/CreateJournal,ChiefAccountant/admin,,refusal,ACC-CLS-01-03_closed-period-refusal.en.png,1600x1000,2026-09-21T09:22:34.456Z,True,8,True,True,(none set),,synthetic data on an isolated disposable database (CrossBuyAcctTest),runtime observed,True,9706f8452bbc,106461,Accounting System - CrossBuy,New Journal Entry,en,ltr
ACC-CLS-03-01_period-reopened,ACC-CLS-03,4 after reopening,en,/Accounting/Periods,ChiefAccountant/admin,period 9,after reopen,ACC-CLS-03-01_period-reopened.en.png,1600x1000,2026-09-21T09:22:41.427Z,True,8,True,True,(none set),,synthetic data on an isolated disposable database (CrossBuyAcctTest),runtime observed,True,65a24bd2a965,163812,Accounting System - CrossBuy,Fiscal Periods,en,ltr
ACC-CLS-02-01_year-end-before,ACC-CLS-02,5 year-end close screen,en,/Accounting/YearEndClose,ChiefAccountant/admin,,before,ACC-CLS-02-01_year-end-before.en.png,1600x1000,2026-09-21T09:22:43.643Z,True,8,True,True,(none set),,synthetic data on an isolated disposable database (CrossBuyAcctTest),runtime observed,True,fd15ee649141,138916,Accounting System - CrossBuy,Year-end Close,en,ltr
ACC-CLS-02-02_year-end-after,ACC-CLS-02,6 after the year-end close,en,/Accounting/YearEndClose,ChiefAccountant/admin,FY 1,after,ACC-CLS-02-02_year-end-after.en.png,1600x1000,2026-09-21T09:22:50.589Z,True,8,True,True,(none set),,synthetic data on an isolated disposable database (CrossBuyAcctTest),runtime observed,True,0777573f5ac3,151582,Accounting System - CrossBuy,Year-end Close,en,ltr
ACC-MD-01-01_vendor-created,ACC-MD-01,1 supplier created,en,/Accounting/Vendors,ChiefAccountant/admin,,after,ACC-MD-01-01_vendor-created.en.png,1600x1000,2026-09-21T09:11:13.736Z,True,8,True,True,ZZ-DISCOVERY,,synthetic data on an isolated disposable database (CrossBuyAcctTest),runtime observed,True,49b53f5b0661,135042,Accounting System - CrossBuy,Vendors,en,ltr
ACC-MD-01-02_customer-created,ACC-MD-01,2 customer created,en,/Accounting/Customers,ChiefAccountant/admin,,after,ACC-MD-01-02_customer-created.en.png,1600x1000,2026-09-21T09:11:32.898Z,True,8,True,True,ZZ-DISCOVERY,,synthetic data on an isolated disposable database (CrossBuyAcctTest),runtime observed,True,3f7b8588bae6,167629,Accounting System - CrossBuy,Customers,en,ltr
ACC-P2P-04-01_stock-invoice-posted,ACC-P2P-04,1 stock purchase invoice posted,en,/Accounting/PurchaseInvoices,ChiefAccountant/admin,vendor 3015 item 5181,after posting,ACC-P2P-04-01_stock-invoice-posted.en.png,1600x1000,2026-09-21T09:17:06.080Z,True,8,True,True,(none set),,synthetic data on an isolated disposable database (CrossBuyAcctTest),runtime observed,True,e597e73f05e0,187365,Accounting System - CrossBuy,Purchase Invoices,en,ltr
ACC-P2P-05-01_purchase-return,ACC-P2P-05,2 purchase return posted,en,/Accounting/PurchaseReturns,ChiefAccountant/admin,vendor 3015,after posting the debit note,ACC-P2P-05-01_purchase-return.en.png,1600x1000,2026-09-21T09:17:12.670Z,True,8,True,True,(none set),,synthetic data on an isolated disposable database (CrossBuyAcctTest),runtime observed,True,740334efcd25,191366,Accounting System - CrossBuy,Purchase Returns / Debit Notes,en,ltr
ACC-RPT-01_trial-balance,ACC-REPORTS,Do the books balance?,ar,/Accounting/TrialBalance,ChiefAccountant/admin,,result,ACC-RPT-01_trial-balance.ar.png,1600x1000,2026-09-21T08:49:02.525Z,True,8,True,True,table,,synthetic data on an isolated disposable database (CrossBuyAcctTest),runtime observed,True,16a4d3496716,125652,النظام المحاسبي - CrossBuy,ميزان المراجعة,ar,rtl
ACC-RPT-02_balance-sheet,ACC-REPORTS,What do we own and owe?,ar,/Accounting/BalanceSheet,ChiefAccountant/admin,,result,ACC-RPT-02_balance-sheet.ar.png,1600x1000,2026-09-21T08:49:06.882Z,True,8,True,True,table,,synthetic data on an isolated disposable database (CrossBuyAcctTest),runtime observed,True,f5c875f0158b,155262,النظام المحاسبي - CrossBuy,قائمة المركز المالي,ar,rtl
ACC-RPT-03_income-statement,ACC-REPORTS,Did we make a profit?,ar,/Accounting/IncomeStatement,ChiefAccountant/admin,,result,ACC-RPT-03_income-statement.ar.png,1600x1000,2026-09-21T08:49:11.448Z,True,8,True,True,table,,synthetic data on an isolated disposable database (CrossBuyAcctTest),runtime observed,True,132976f9b733,123134,النظام المحاسبي - CrossBuy,قائمة الدخل,ar,rtl
ACC-RPT-04_cash-flow,ACC-REPORTS,Where did the cash go?,ar,/Accounting/CashFlow,ChiefAccountant/admin,,result,ACC-RPT-04_cash-flow.ar.png,1600x1000,2026-09-21T08:49:17.064Z,True,8,True,True,table,,synthetic data on an isolated disposable database (CrossBuyAcctTest),runtime observed,True,180daadefdd2,127393,النظام المحاسبي - CrossBuy,قائمة التدفقات النقدية,ar,rtl
ACC-RPT-05_ar-aging,ACC-REPORTS,"Who owes us, and for how long?",ar,/Accounting/ArAging,ChiefAccountant/admin,,result,ACC-RPT-05_ar-aging.ar.png,1600x1000,2026-09-21T08:49:20.649Z,True,8,True,True,table,DUP-02,synthetic data on an isolated disposable database (CrossBuyAcctTest),runtime observed,True,017fe4c6b449,145260,النظام المحاسبي - CrossBuy,أعمار ديون العملاء,ar,rtl
ACC-RPT-06_ap-aging,ACC-REPORTS,"Whom do we owe, and for how long?",ar,/Accounting/ApAging,ChiefAccountant/admin,,result,ACC-RPT-06_ap-aging.ar.png,1600x1000,2026-09-21T08:49:23.631Z,True,8,True,True,table,,synthetic data on an isolated disposable database (CrossBuyAcctTest),runtime observed,True,9d968a1658b1,92212,النظام المحاسبي - CrossBuy,أعمار ديون الموردين,ar,rtl
ACC-RPT-07_journals,ACC-REPORTS,"What was posted, and when?",ar,/Accounting/Journals,ChiefAccountant/admin,,result,ACC-RPT-07_journals.ar.png,1600x1000,2026-09-21T08:49:27.501Z,True,8,True,True,table,DUP-01,synthetic data on an isolated disposable database (CrossBuyAcctTest),runtime observed,True,6c83f90da256,174910,النظام المحاسبي - CrossBuy,القيود اليومية,ar,rtl
ACC-RPT-08_customer-statement,ACC-REPORTS,One customer’s account,ar,/Accounting/CustomerStatement,ChiefAccountant/admin,,result,ACC-RPT-08_customer-statement.ar.png,1600x1000,2026-09-21T08:49:30.377Z,True,8,True,True,(none set),,synthetic data on an isolated disposable database (CrossBuyAcctTest),runtime observed,True,214c514de11a,71267,النظام المحاسبي - CrossBuy,كشف حساب,ar,rtl
ACC-RPT-09_vendor-statement,ACC-REPORTS,One supplier’s account,ar,/Accounting/VendorStatement,ChiefAccountant/admin,,result,ACC-RPT-09_vendor-statement.ar.png,1600x1000,2026-09-21T08:49:33.418Z,True,8,True,True,(none set),,synthetic data on an isolated disposable database (CrossBuyAcctTest),runtime observed,True,87642d41f2e8,72349,النظام المحاسبي - CrossBuy,كشف حساب,ar,rtl
ACC-RPT-10_reports-center,ACC-REPORTS,the reporting platform catalogue,en,/Reports/Index,ChiefAccountant/admin,,catalogue,ACC-RPT-10_reports-center.en.png,1600x1000,2026-09-21T10:06:05.298Z,True,8,True,True,(none set),,synthetic data on an isolated disposable database (CrossBuyAcctTest),runtime observed,True,45dbb778b665,167478,Inventory System - CrossBuy,Reports Center,en,ltr
ACC-RPT-01_trial-balance,ACC-REPORTS,Do the books balance?,en,/Accounting/TrialBalance,ChiefAccountant/admin,,result,ACC-RPT-01_trial-balance.en.png,1600x1000,2026-09-21T08:48:17.901Z,True,8,True,True,table,,synthetic data on an isolated disposable database (CrossBuyAcctTest),runtime observed,True,a4dd5bd522be,139425,Accounting System - CrossBuy,Trial Balance,en,ltr
ACC-RPT-02_balance-sheet,ACC-REPORTS,What do we own and owe?,en,/Accounting/BalanceSheet,ChiefAccountant/admin,,result,ACC-RPT-02_balance-sheet.en.png,1600x1000,2026-09-21T08:48:22.374Z,True,8,True,True,table,,synthetic data on an isolated disposable database (CrossBuyAcctTest),runtime observed,True,0c740bf308ca,177167,Accounting System - CrossBuy,Balance Sheet,en,ltr
ACC-RPT-03_income-statement,ACC-REPORTS,Did we make a profit?,en,/Accounting/IncomeStatement,ChiefAccountant/admin,,result,ACC-RPT-03_income-statement.en.png,1600x1000,2026-09-21T08:48:26.851Z,True,8,True,True,table,,synthetic data on an isolated disposable database (CrossBuyAcctTest),runtime observed,True,02cc10c75385,150737,Accounting System - CrossBuy,Income Statement,en,ltr
ACC-RPT-04_cash-flow,ACC-REPORTS,Where did the cash go?,en,/Accounting/CashFlow,ChiefAccountant/admin,,result,ACC-RPT-04_cash-flow.en.png,1600x1000,2026-09-21T08:48:33.196Z,True,8,True,True,table,,synthetic data on an isolated disposable database (CrossBuyAcctTest),runtime observed,True,4e4ca76e6564,162010,Accounting System - CrossBuy,Cash Flow Statement,en,ltr
ACC-RPT-05_ar-aging,ACC-REPORTS,"Who owes us, and for how long?",en,/Accounting/ArAging,ChiefAccountant/admin,,result,ACC-RPT-05_ar-aging.en.png,1600x1000,2026-09-21T08:48:36.335Z,True,8,True,True,table,,synthetic data on an isolated disposable database (CrossBuyAcctTest),runtime observed,True,9ed1b38636cd,164900,Accounting System - CrossBuy,AR Aging,en,ltr
ACC-RPT-06_ap-aging,ACC-REPORTS,"Whom do we owe, and for how long?",en,/Accounting/ApAging,ChiefAccountant/admin,,result,ACC-RPT-06_ap-aging.en.png,1600x1000,2026-09-21T08:48:39.302Z,True,8,True,True,table,,synthetic data on an isolated disposable database (CrossBuyAcctTest),runtime observed,True,8226e3ae9118,108205,Accounting System - CrossBuy,AP Aging,en,ltr
ACC-RPT-07_journals,ACC-REPORTS,"What was posted, and when?",en,/Accounting/Journals,ChiefAccountant/admin,,result,ACC-RPT-07_journals.en.png,1600x1000,2026-09-21T08:48:43.861Z,True,8,True,True,table,,synthetic data on an isolated disposable database (CrossBuyAcctTest),runtime observed,True,2baac24b7588,209093,Accounting System - CrossBuy,Journal Entries,en,ltr
ACC-RPT-08_customer-statement,ACC-REPORTS,One customer’s account,en,/Accounting/CustomerStatement,ChiefAccountant/admin,,result,ACC-RPT-08_customer-statement.en.png,1600x1000,2026-09-21T08:48:47.845Z,True,8,True,True,(none set),,synthetic data on an isolated disposable database (CrossBuyAcctTest),runtime observed,True,1a280f192e57,86666,Accounting System - CrossBuy,Account statement,en,ltr
ACC-RPT-09_vendor-statement,ACC-REPORTS,One supplier’s account,en,/Accounting/VendorStatement,ChiefAccountant/admin,,result,ACC-RPT-09_vendor-statement.en.png,1600x1000,2026-09-21T08:48:50.689Z,True,8,True,True,(none set),,synthetic data on an isolated disposable database (CrossBuyAcctTest),runtime observed,True,00ab8476179f,86560,Accounting System - CrossBuy,Account statement,en,ltr
ACC-P2P-03-01_purchase-return,ACC-P2P-03,1 purchase return posted,en,/Accounting/NewPurchaseReturn,ChiefAccountant/admin,PI 5073,after posting the debit note,ACC-P2P-03-01_purchase-return.en.png,1600x1000,2026-09-21T09:15:13.500Z,True,8,True,True,(none set),,synthetic data on an isolated disposable database (CrossBuyAcctTest),runtime observed,True,4ed4ae6678eb,120075,Accounting System - CrossBuy,New Purchase Return / Debit Note,en,ltr
ACC-O2C-03-01_sales-return,ACC-O2C-03,1 sales return posted,en,/Accounting/SalesReturns,ChiefAccountant/admin,SI 17613,after posting the credit note,ACC-O2C-03-01_sales-return.en.png,1600x1000,2026-09-21T09:15:20.564Z,True,8,True,True,(none set),,synthetic data on an isolated disposable database (CrossBuyAcctTest),runtime observed,True,e563e85a8aad,188099,Accounting System - CrossBuy,Sales Returns / Credit Notes,en,ltr
ACC-ROLE-01_dev-superadmin,ACC-ROLE-01,signed in as dev.superadmin,en,/Accounting/Journals,dev.superadmin,,role view,ACC-ROLE-01_dev-superadmin.en.png,1600x1000,2026-09-21T09:48:15.225Z,True,8,True,True,(none set),,synthetic data on an isolated disposable database (CrossBuyAcctTest),runtime observed,True,ef1e38895c15,205186,Accounting System - CrossBuy,Journal Entries,en,ltr
ACC-ROLE-01_dev-auditor,ACC-ROLE-01,signed in as dev.auditor,en,/Accounting/Journals,dev.auditor,,role view,ACC-ROLE-01_dev-auditor.en.png,1600x1000,2026-09-21T09:48:39.480Z,True,8,True,True,(none set),,synthetic data on an isolated disposable database (CrossBuyAcctTest),runtime observed,True,1373cab7c175,205175,Accounting System - CrossBuy,Journal Entries,en,ltr
ACC-ROLE-01_dev-clerk,ACC-ROLE-01,signed in as dev.clerk,en,/Accounting/Journals,dev.clerk,,role view,ACC-ROLE-01_dev-clerk.en.png,1600x1000,2026-09-21T09:49:03.431Z,True,8,True,True,(none set),,synthetic data on an isolated disposable database (CrossBuyAcctTest),runtime observed,True,7906c153cec9,205168,Accounting System - CrossBuy,Journal Entries,en,ltr
ACC-ROLE-01_dev-otherco,ACC-ROLE-01,signed in as dev.otherco,en,/Accounting/Journals,dev.otherco,,role view,ACC-ROLE-01_dev-otherco.en.png,1600x1000,2026-09-21T09:49:24.478Z,True,8,True,True,(none set),,synthetic data on an isolated disposable database (CrossBuyAcctTest),runtime observed,True,23f04b1f7772,99448,Accounting System - CrossBuy,Journal Entries,en,ltr
ACC-ROLE-02_dev-superadmin-trial-balance,ACC-ROLE-02,trial balance as seen by dev.superadmin,en,/Accounting/TrialBalance,dev.superadmin,,role view,ACC-ROLE-02_dev-superadmin-trial-balance.en.png,1600x1000,2026-09-21T09:53:05.567Z,True,8,True,True,(none set),,synthetic data on an isolated disposable database (CrossBuyAcctTest),runtime observed,True,43e42f0f747b,137920,Accounting System - CrossBuy,Trial Balance,en,ltr
ACC-ROLE-02_dev-otherco-trial-balance,ACC-ROLE-02,trial balance as seen by dev.otherco,en,/Accounting/TrialBalance,dev.otherco,,role view,ACC-ROLE-02_dev-otherco-trial-balance.en.png,1600x1000,2026-09-21T09:53:12.242Z,True,8,True,True,(none set),,synthetic data on an isolated disposable database (CrossBuyAcctTest),runtime observed,True,0483247cf2fa,117450,Accounting System - CrossBuy,Trial Balance,en,ltr
ACC-ROLE-02_clerk-post-attempt,ACC-ROLE-02,roleless user attempts to post,en,/Accounting/Index,dev.clerk,,after post attempt,ACC-ROLE-02_clerk-post-attempt.en.png,1600x1000,2026-09-21T09:53:23.583Z,True,8,True,True,(none set),,synthetic data on an isolated disposable database (CrossBuyAcctTest),runtime observed,True,cfc88c553a7c,190669,Accounting System - CrossBuy,Accounting,en,ltr
ACC-SOD-01-01_threshold-set,ACC-SOD-01,threshold raised to 1000,en,/Accounting/AccountingRoles,admin,,configuration change,ACC-SOD-01-01_threshold-set.en.png,1600x1000,2026-09-21T09:54:58.072Z,True,8,True,True,(none set),,synthetic data on an isolated disposable database (CrossBuyAcctTest),runtime observed,True,e2702c0c2509,135478,Accounting System - CrossBuy,Accounting roles,en,ltr
ACC-SOD-01-02_admin-self-post,ACC-SOD-01,creator attempts to post their own above-threshold entry,en,/Accounting/Journals,admin (ChiefAccountant),,after post attempt,ACC-SOD-01-02_admin-self-post.en.png,1600x1000,2026-09-21T09:55:06.506Z,True,8,True,True,(none set),,synthetic data on an isolated disposable database (CrossBuyAcctTest),runtime observed,True,85d39c3699c3,217120,Accounting System - CrossBuy,Journal Entries,en,ltr
ACC-P2P-01-01_invoice-posted,ACC-P2P-01,1 purchase invoice posted,en,/Accounting/PurchaseInvoices,ChiefAccountant/admin,vendor 3015,after posting,ACC-P2P-01-01_invoice-posted.en.png,1600x1000,2026-09-21T09:12:40.639Z,True,8,True,True,(none set),,synthetic data on an isolated disposable database (CrossBuyAcctTest),runtime observed,True,caa7c778e8d8,187113,Accounting System - CrossBuy,Purchase Invoices,en,ltr
ACC-P2P-02-01_partial-payment,ACC-P2P-02,2 partial payment recorded,en,/Accounting/Payments,ChiefAccountant/admin,vendor 3015,after partial payment,ACC-P2P-02-01_partial-payment.en.png,1600x1000,2026-09-21T09:12:47.523Z,True,8,True,True,(none set),,synthetic data on an isolated disposable database (CrossBuyAcctTest),runtime observed,True,4bea620311d0,135317,Accounting System - CrossBuy,Payments,en,ltr
ACC-P2P-02-02_remaining-balance,ACC-P2P-02,3 remaining supplier balance,en,/Accounting/ApAging,ChiefAccountant/admin,vendor 3015,balance after partial payment,ACC-P2P-02-02_remaining-balance.en.png,1600x1000,2026-09-21T09:12:49.292Z,True,8,True,True,ZZ-DISCOVERY,,synthetic data on an isolated disposable database (CrossBuyAcctTest),runtime observed,True,d1c0d4b87249,113859,Accounting System - CrossBuy,AP Aging,en,ltr
ACC-P2P-02-03_final-settlement,ACC-P2P-02,4 final settlement,en,/Accounting/Payments,ChiefAccountant/admin,vendor 3015,after final settlement,ACC-P2P-02-03_final-settlement.en.png,1600x1000,2026-09-21T09:12:55.844Z,True,8,True,True,(none set),,synthetic data on an isolated disposable database (CrossBuyAcctTest),runtime observed,True,aea277cec20f,139834,Accounting System - CrossBuy,Payments,en,ltr
ACC-O2C-01-01_invoice-posted,ACC-O2C-01,1 sales invoice posted,en,/Accounting/SalesInvoices,ChiefAccountant/admin,customer 9047,after posting,ACC-O2C-01-01_invoice-posted.en.png,1600x1000,2026-09-21T09:13:02.496Z,True,8,True,True,(none set),,synthetic data on an isolated disposable database (CrossBuyAcctTest),runtime observed,True,9e0a8aa3b47c,186651,Accounting System - CrossBuy,Sales Invoices,en,ltr
ACC-O2C-02-01_partial-receipt,ACC-O2C-02,2 partial receipt recorded,en,/Accounting/Receipts,ChiefAccountant/admin,customer 9047,after partial receipt,ACC-O2C-02-01_partial-receipt.en.png,1600x1000,2026-09-21T09:13:09.179Z,True,8,True,True,(none set),,synthetic data on an isolated disposable database (CrossBuyAcctTest),runtime observed,True,eb0c200fe93a,161698,Accounting System - CrossBuy,Receipts,en,ltr
ACC-O2C-02-02_remaining-balance,ACC-O2C-02,3 remaining customer balance,en,/Accounting/ArAging,ChiefAccountant/admin,customer 9047,balance after partial receipt,,1600x1000,2026-09-21T09:13:41.651Z,False,8,True,True,MISSING: ZZ-DISCOVERY,,synthetic data on an isolated disposable database (CrossBuyAcctTest),NOT CAPTURED — readiness gate failed,False,,0,Accounting System - CrossBuy,AR Aging,en,ltr
ACC-O2C-02-03_final-collection,ACC-O2C-02,4 final collection,en,/Accounting/Receipts,ChiefAccountant/admin,customer 9047,after final collection,ACC-O2C-02-03_final-collection.en.png,1600x1000,2026-09-21T09:13:48.603Z,True,8,True,True,(none set),,synthetic data on an isolated disposable database (CrossBuyAcctTest),runtime observed,True,19519f189b62,161975,Accounting System - CrossBuy,Receipts,en,ltr
ACC-BNK-01-01_transfer,ACC-BNK-01,1 cash/bank transfer posted,en,/Accounting/Transfer,ChiefAccountant/admin,,after transfer,ACC-BNK-01-01_transfer.en.png,1600x1000,2026-09-21T09:18:53.597Z,True,8,True,True,(none set),,synthetic data on an isolated disposable database (CrossBuyAcctTest),runtime observed,True,369e178f2f13,97503,Accounting System - CrossBuy,Internal Transfer,en,ltr
ACC-FA-01-01_asset-created,ACC-FA-01,1 asset acquired and capitalised,en,/Accounting/FixedAssets,ChiefAccountant/admin,,after capitalisation,ACC-FA-01-01_asset-created.en.png,1600x1000,2026-09-21T09:19:00.186Z,True,8,True,True,ZZ-DISCOVERY,,synthetic data on an isolated disposable database (CrossBuyAcctTest),runtime observed,True,99e227690e83,170731,Accounting System - CrossBuy,Fixed Assets,en,ltr
ACC-FA-02-01_depreciation-run,ACC-FA-02,2 depreciation posted,en,/Accounting/DepreciationRuns,ChiefAccountant/admin,,after the depreciation run,ACC-FA-02-01_depreciation-run.en.png,1600x1000,2026-09-21T09:19:06.757Z,True,8,True,True,(none set),,synthetic data on an isolated disposable database (CrossBuyAcctTest),runtime observed,True,07fade797d64,124833,Accounting System - CrossBuy,Monthly Depreciation,en,ltr
ACC-PAY-01-01_payroll-posted,ACC-PAY-01,1 payroll posting attempted,en,/Accounting/Payroll,ChiefAccountant/admin,,after posting,ACC-PAY-01-01_payroll-posted.en.png,1600x1000,2026-09-21T09:19:09.569Z,True,8,True,True,(none set),,synthetic data on an isolated disposable database (CrossBuyAcctTest),runtime observed,True,08b2e98d4c64,154102,Accounting System - CrossBuy,Payroll Journal,en,ltr
ACC-FX-01-01_revaluation,ACC-FX-01,1 FX revaluation posted,en,/Currency/Revaluation?asOf=2026-09-21&rateType=Central,ChiefAccountant/admin,,after revaluation,ACC-FX-01-01_revaluation.en.png,1600x1000,2026-09-21T09:19:16.493Z,True,8,True,True,(none set),,synthetic data on an isolated disposable database (CrossBuyAcctTest),runtime observed,True,ec231cd43ed2,166318,Accounting System - CrossBuy,FX Revaluation,en,ltr
