"module","controller","file","base","is_api","class_attributes","ctor_dependencies","direct_dbcontext","uses_session","uses_scopedtx","uses_notify","uses_businessevent","lines"
"Identity","AccountController","CrossBuy/Controllers/AccountController.cs","Controller","False","","IUserService;IEmployeeService;SignInManager<Users>;IMapper;CrossDbContext","True","True","False","False","False","256"
"Identity","AccountingController","CrossBuy/Controllers/AccountingController.cs","Controller","False","SessionValidation","IChartOfAccountsService;IJournalEntryService;IGeneralLedgerService;ICostCenterService;IFiscalPeriodService;IAccountingPostingService;IReceivableService;IPayableService;IAccountingDashboardService;IBankService;IFixedAssetService;ITaxService;IEtaInvoiceService;IFinancialStatementService;IClosingService;CrossDbContext;IAccountingAccessService;IAiInsightsService;IExecutiveDashboardService;ICurrencyService;IPricingService;IStringLocalizer<CrossBuy.SharedResources>;CrossBuy.BL.Platform.IRequestCompanyResolver","True","False","False","False","False","1634"
"HR","AdminController","CrossBuy/Controllers/AdminController.Appraisals.cs","Controller","False","","","False","False","False","False","False","127"
"HR","AdminController","CrossBuy/Controllers/AdminController.cs","Controller","False","","IJobTitles;IAdministrativeBodiesCompanyService;IAdministrativeStructureService;IPolicesService;ICompanyService;IJobTitles;IHolidayService;IStringLocalizer<CrossBuy.SharedResources>","False","False","False","False","True","1064"
"HR","AdminController","CrossBuy/Controllers/AdminController.Recruitment.cs","Controller","False","","","False","False","False","False","False","152"
"HR","AdminController","CrossBuy/Controllers/AdminController.Training.cs","Controller","False","","","False","False","False","False","False","87"
"Communication","AnnouncementsController","CrossBuy/Controllers/AnnouncementsController.cs","Controller","False","SessionValidation","IAnnouncementService;IEmployeeService;CrossDbContext","True","False","False","False","False","73"
"Identity","AccountingApiController","CrossBuy/Controllers/Api/AccountingApiController.cs","ControllerBase","True","ApiController;Route(""api/acc"");Produces(""application/json"");Authorize(AuthenticationSchemes = JwtBearerDefaults.AuthenticationScheme)","IChartOfAccountsService;CrossDbContext;IJournalEntryService;IGeneralLedgerService;IAccountingPostingService;IReceivableService;IPayableService;IFinancialStatementService;IAccountingApiAuthorization","True","False","False","False","False","476"
"AI","AiController","CrossBuy/Controllers/Api/AiController.cs","ControllerBase","True","ApiController;Route(""api/ai"");Produces(""application/json"");Authorize(AuthenticationSchemes = JwtBearerDefaults.AuthenticationScheme)","IAiService;CrossDbContext;IAiInsightsService","True","False","False","False","False","130"
"Other","AuthApiController","CrossBuy/Controllers/Api/AuthApiController.cs","ControllerBase","True","ApiController;Route(""api/auth"");Produces(""application/json"")","UserManager<Users>;IEmployeeService;ITokenService","False","False","False","False","False","74"
"DevTools","DevSeedController","CrossBuy/Controllers/Api/DevSeedController.cs","Controller","True","ApiController;Route(""api/dev"");AllowAnonymous;CrossBuy.Models.DevOnly","UserManager<Users>;CrossDbContext;CrossBuy.BL.ICostCenterService;CrossBuy.BL.IReceivableService;CrossBuy.BL.IPayableService;CrossBuy.BL.IBankService;CrossBuy.BL.IAccountingPostingService;CrossBuy.BL.IJournalEntryService;CrossBuy.BL.IFixedAssetService;CrossBuy.BL.ITaxService;CrossBuy.BL.IItemService;CrossBuy.BL.IWarehouseService;CrossBuy.BL.IStockService;CrossBuy.BL.IProcurementService;CrossBuy.BL.ISellingService;CrossBuy.BL.IPricingService;CrossBuy.BL.IThreeWayMatchService;CrossBuy.BL.ICrmService;CrossBuy.BL.IFxRevaluationService;CrossBuy.BL.IPosSetupService;CrossBuy.BL.IPosOrderService;CrossBuy.BL.IPosAccessService;IServiceScopeFactory","True","True","True","False","True","15157"
"Other","EmployeesApiController","CrossBuy/Controllers/Api/EmployeesApiController.cs","ControllerBase","True","ApiController;Route(""api/employees"");Produces(""application/json"");Authorize(AuthenticationSchemes = JwtBearerDefaults.AuthenticationScheme)","CrossDbContext","True","False","False","False","False","96"
"Other","HrApiController","CrossBuy/Controllers/Api/HrApiController.cs","ControllerBase","True","ApiController;Route(""api/hr"");Produces(""application/json"");Authorize(AuthenticationSchemes = JwtBearerDefaults.AuthenticationScheme)","CrossDbContext","True","False","False","False","False","108"
"Inventory","InventoryApiController","CrossBuy/Controllers/Api/InventoryApiController.cs","ControllerBase","True","ApiController;Route(""api/inv"");Produces(""application/json"");Authorize(AuthenticationSchemes = JwtBearerDefaults.AuthenticationScheme)","IItemService;IWarehouseService;IStockService;CrossDbContext","True","False","False","False","False","109"
"Other","LeaveApiController","CrossBuy/Controllers/Api/LeaveApiController.cs","ControllerBase","True","ApiController;Route(""api/leave"");Produces(""application/json"");Authorize(AuthenticationSchemes = JwtBearerDefaults.AuthenticationScheme)","IEmployeeService;CrossDbContext;ILeaveDashboardService;ILeaveWorkflowService","True","False","False","False","False","195"
"Other","MeApiController","CrossBuy/Controllers/Api/MeApiController.cs","ControllerBase","True","ApiController;Route(""api/me"");Produces(""application/json"");Authorize(AuthenticationSchemes = JwtBearerDefaults.AuthenticationScheme)","IEmployeeService;IAdministrativeStructureService;CrossDbContext;ILeaveDashboardService","True","False","False","False","False","357"
"Communication","NotificationsApiController","CrossBuy/Controllers/Api/NotificationsApiController.cs","ControllerBase","True","ApiController;Route(""api/notifications"");Produces(""application/json"");Authorize(AuthenticationSchemes = ""Identity.Application,"" + JwtBearerDefaults.AuthenticationScheme)","IEmployeeService;CrossDbContext","True","False","False","False","False","101"
"Workflow","ApprovalsController","CrossBuy/Controllers/ApprovalsController.cs","Controller","False","SessionValidation","IEmployeeService;CrossDbContext;IStringLocalizer<CrossBuy.SharedResources>","True","False","False","False","False","117"
"Other","BaseController","CrossBuy/Controllers/BaseController.cs","Controller","False","","","False","False","False","False","False","16"
"Retail","BrandController","CrossBuy/Controllers/BrandController.cs","Controller","False","SessionValidation","IBrandService;IWebHostEnvironment;IStringLocalizer<CrossBuy.SharedResources>","False","False","False","False","False","61"
"Platform","BusinessEventMonitorController","CrossBuy/Controllers/BusinessEventMonitorController.cs","Controller","False","SessionValidation;PlatformOps","IBusinessEventMonitorService;IBusinessContextAccessor;IRuntimeInstanceInfo","False","False","False","False","False","132"
"Communication","CalendarController","CrossBuy/Controllers/CalendarController.cs","Controller","False","SessionValidation","ICalendarService;IEmployeeService;ICommService;IWebHostEnvironment;IStringLocalizer<SharedResources>;INotificationService;IHubContext<NotificationsHub>;CrossDbContext","True","False","False","True","False","226"
"Communication","ChatController","CrossBuy/Controllers/ChatController.cs","Controller","False","SessionValidation","IChatService;IEmployeeService;CrossDbContext;IWebHostEnvironment;ICommunicationAccessService;CrossBuy.BL.Platform.IBusinessContextAccessor","True","False","False","False","False","189"
"Communication","CommController","CrossBuy/Controllers/CommController.cs","Controller","False","SessionValidation","ICommService;IEmployeeService;CrossDbContext;IWebHostEnvironment;IFileManagerService","True","False","False","False","False","185"
"Communication","CommentsController","CrossBuy/Controllers/CommentsController.cs","Controller","False","SessionValidation","IDocCommentService;IEmployeeService;CrossDbContext","True","False","False","False","False","65"
"CRM","CrmController","CrossBuy/Controllers/CrmController.cs","Controller","False","SessionValidation","ICrmService;CrossDbContext;IStringLocalizer<CrossBuy.SharedResources>","True","False","False","False","False","725"
"Accounting","CurrencyController","CrossBuy/Controllers/CurrencyController.cs","Controller","False","SessionValidation","CrossDbContext;ICurrencyService;IFxRevaluationService;IStringLocalizer<CrossBuy.SharedResources>","True","False","False","False","False","161"
"Communication","FileManagerController","CrossBuy/Controllers/FileManagerController.cs","Controller","False","SessionValidation","IFileManagerService;IEmployeeService;IWebHostEnvironment;CrossDbContext","True","False","False","False","False","154"
"Other","HomeController","CrossBuy/Controllers/HomeController.cs","Controller","False","","ILogger<HomeController>;IStringLocalizer<SharedResources>;CrossBuy.BL.IStoreCatalogService;CrossBuy.BL.Platform.ICompanyIsolationBypass","False","False","False","False","False","64"
"Other","HyperController","CrossBuy/Controllers/HyperController.cs","Controller","False","Route(""hyper"")","IPosSetupService;CrossDbContext;ICurrencyService;ICurrencyRounding","True","False","False","False","False","223"
"Other","HyperPosController","CrossBuy/Controllers/HyperPosController.cs","Controller","False","Route(""hyper/pos"");CrossBuy.Models.PosLaneActivityGuard(""HyperCtx"", ""hyper"", ""/hyper/pos/login"")","SignInManager<Users>;UserManager<Users>;IPosAccessService;IPosSetupService;IPosOrderService;CrossBuy.BL.ICurrencyRounding;CrossBuy.BL.IPricingService;CrossBuy.BL.IReceivableService;CrossDbContext;IStringLocalizer<CrossBuy.SharedResources>","True","True","False","False","False","549"
"Inventory","InventoryController","CrossBuy/Controllers/InventoryController.cs","Controller","False","SessionValidation","IItemService;IWarehouseService;IChartOfAccountsService;CrossDbContext;IWebHostEnvironment;IStockService;IProcurementService;ISellingService;IInventoryAccessService;IInventoryApprovalService;IOpeningBalanceService;IIntegrityCheckService;IPricingService;IThreeWayMatchService;ICurrencyService;IAccountingAccessService;IManufService;IShelfLabelService;ICurrencyRounding;CrossBuy.BL.Platform.IRequestCompanyResolver;IStringLocalizer<CrossBuy.SharedResources>","True","False","False","False","False","2603"
"Communication","NotificationsController","CrossBuy/Controllers/NotificationsController.cs","Controller","False","SessionValidation","IEmployeeService;CrossDbContext","True","False","False","False","False","93"
"HR","PeopleController","CrossBuy/Controllers/PeopleController.cs","Controller","False","","CrossDbContext;CrossBuy.BL.INotificationService;CrossBuy.BL.ILeaveDashboardService;CrossBuy.BL.ILeaveWorkflowService;CrossBuy.BL.IEmployeeRequestService;//;for;CrossBuy.BL.Platform.IBusinessContextAccessor;IStringLocalizer<CrossBuy.SharedResources>","True","True","False","False","False","554"
"Platform","PlatformTimelineController","CrossBuy/Controllers/PlatformTimelineController.cs","Controller","False","SessionValidation","ITimelineProjectionService;IEntityRegistry;IBusinessContextAccessor","False","False","False","False","False","65"
"Shell","PortalController","CrossBuy/Controllers/PortalController.cs","Controller","False","","","False","True","False","False","False","21"
"POS","PosAppController","CrossBuy/Controllers/PosAppController.cs","Controller","False","Route(""pos"");CrossBuy.Models.PosLaneActivityGuard(""PosCtx"", ""restaurant"", ""/pos/login"")","SignInManager<Users>;UserManager<Users>;IPosAccessService;IPosSetupService;IPosOrderService;IBrandService;IReceivableService;CrossDbContext;Microsoft.AspNetCore.SignalR.IHubContext<CrossBuy.Hubs.PosHub>;IStringLocalizer<CrossBuy.SharedResources>","True","True","False","False","False","858"
"POS","PosController","CrossBuy/Controllers/PosController.cs","Controller","False","SessionValidation","IPosSetupService;IWarehouseService;CrossDbContext;IPosOrderService;IReceivableService;PosAccessService;CrossBuy.BL.Platform.IRequestCompanyResolver;CrossBuy.BL.Platform.IBusinessContextAccessor;AccountingAccessService;IStringLocalizer<CrossBuy.SharedResources>","True","False","False","False","False","881"
"Projects","ProjectController","CrossBuy/Controllers/ProjectController.cs","Controller","False","SessionValidation","IProjectService;IBoqService;IContractService;IProgressService;IProgressBillingService;IProjectMaterialIssueService;IProjectLaborService;IProjectBudgetService;ISubcontractBillingService;IVariationOrderService;IEquipmentDepreciationService;ICostCenterService;CrossDbContext;//;for;CrossBuy.BL.Platform.IBusinessContextAccessor;CrossBuy.BL.Platform.IRequestCompanyResolver;AccountingAccessService;IStringLocalizer<CrossBuy.SharedResources>","True","False","False","False","False","723"
"Other","ServiceController","CrossBuy/Controllers/ServiceController.cs","Controller","False","SessionValidation","ICompanyService;IStringLocalizer<CrossBuy.SharedResources>","False","False","False","False","False","231"
"Retail","StoreController","CrossBuy/Controllers/StoreController.cs","Controller","False","AllowAnonymous","CrossBuy.BL.IStoreCatalogService;CrossBuy.BL.IIdProtector;CrossBuy.BL.Platform.ICompanyIsolationBypass","False","False","False","False","False","51"
"Tasks","TasksController","CrossBuy/Controllers/TasksController.cs","Controller","False","","ITaskService;ITaskLinkResolver;ITimesheetService;ITaskCostService;ITaskBillingService;ITaskGeneratorService;ITaskReportService;ITaskScheduleMatcher;//;for;CrossBuy.BL.Platform.IBusinessContextAccessor;CrossBuy.BL.Platform.IRequestCompanyResolver;AccountingAccessService","False","True","False","False","False","334"
