domain,entity,module,namespace,file,base,primary_key,company_field,branch_field,status_field,has_createdat,has_createdby,has_updatedat,soft_delete,polymorphic,property_count
Accounting,Account,Admin,CrossBuy.Models.Context.Accounting,CrossBuy/Models/Context/Accounting/AccountingFoundation.cs,,ID,CompanyID,,IsActive,True,True,True,False,False,17
Accounting,AccountType,Admin,CrossBuy.Models.Context.Accounting,CrossBuy/Models/Context/Accounting/AccountingFoundation.cs,,ID,,,,False,False,False,False,False,6
Accounting,AccountingSettings,Accounting,CrossBuy.Models.Context.Accounting,CrossBuy/Models/Context/Accounting/AccountingSettings.cs,,,CompanyID,,,True,False,False,False,False,5
Accounting,AccountingUserRole,Accounting,CrossBuy.Models.Context.Accounting,CrossBuy/Models/Context/Accounting/AccountingUserRole.cs,,ID,CompanyID,,,True,False,False,False,False,5
Accounting,AssetCategory,Unclassified,CrossBuy.Models.Context.Accounting,CrossBuy/Models/Context/Accounting/FixedAssets.cs,,ID,CompanyID,,IsActive,True,False,False,False,False,11
Accounting,BankAccount,Accounting,CrossBuy.Models.Context.Accounting,CrossBuy/Models/Context/Accounting/Banking.cs,,ID,CompanyID,,IsActive,True,False,False,False,False,12
Accounting,BankReconciliation,Accounting,CrossBuy.Models.Context.Accounting,CrossBuy/Models/Context/Accounting/Banking.cs,,ID,CompanyID,,Status,True,False,False,False,False,10
Accounting,BankReconciliationLine,Accounting,CrossBuy.Models.Context.Accounting,CrossBuy/Models/Context/Accounting/Banking.cs,,ID,,,,False,False,False,False,False,4
Accounting,BoqItem,Inventory,CrossBuy.Models.Context.Accounting,CrossBuy/Models/Context/Accounting/Boq.cs,,ID,CompanyID,,,True,False,False,False,False,17
Accounting,CashBox,Unclassified,CrossBuy.Models.Context.Accounting,CrossBuy/Models/Context/Accounting/Banking.cs,,ID,CompanyID,,IsActive,True,False,False,False,False,8
Accounting,CostCenter,Accounting,CrossBuy.Models.Context.Accounting,CrossBuy/Models/Context/Accounting/Dimensions.cs,,ID,CompanyID,,IsActive,True,False,False,False,False,9
Accounting,Currency,Accounting,CrossBuy.Models.Context.Accounting,CrossBuy/Models/Context/Accounting/AccountingFoundation.cs,,ID,,,,False,False,False,False,False,6
Accounting,Customer,Unclassified,CrossBuy.Models.Context.Accounting,CrossBuy/Models/Context/Accounting/ReceivablesPayables.cs,,ID,CompanyID,,IsActive,True,False,False,False,False,17
Accounting,DepreciationLine,Unclassified,CrossBuy.Models.Context.Accounting,CrossBuy/Models/Context/Accounting/FixedAssets.cs,,ID,,,,False,False,False,False,False,7
Accounting,DepreciationRun,Unclassified,CrossBuy.Models.Context.Accounting,CrossBuy/Models/Context/Accounting/FixedAssets.cs,,ID,CompanyID,,Status,True,False,False,False,False,11
Accounting,EquipmentDepreciationAllocation,FixedAssets,CrossBuy.Models.Context.Accounting,CrossBuy/Models/Context/Accounting/EquipmentDepreciationAllocation.cs,,ID,CompanyID,,Status,True,True,False,False,False,17
Accounting,EtaSettings,Accounting,CrossBuy.Models.Context.Accounting,CrossBuy/Models/Context/Accounting/Taxes.cs,,ID,CompanyID,,,False,False,True,False,False,8
Accounting,ExchangeRate,Unclassified,CrossBuy.Models.Context.Accounting,CrossBuy/Models/Context/Accounting/AccountingFoundation.cs,,ID,,,,False,False,False,False,False,5
Accounting,FiscalPeriod,Accounting,CrossBuy.Models.Context.Accounting,CrossBuy/Models/Context/Accounting/AccountingFoundation.cs,,ID,,,Status,False,False,False,False,False,6
Accounting,FiscalYear,Unclassified,CrossBuy.Models.Context.Accounting,CrossBuy/Models/Context/Accounting/AccountingFoundation.cs,,ID,CompanyID,,Status,False,False,False,False,False,6
Accounting,FixedAsset,FixedAssets,CrossBuy.Models.Context.Accounting,CrossBuy/Models/Context/Accounting/FixedAssets.cs,,ID,CompanyID,,Status,True,False,False,False,False,24
Accounting,FxRevaluationRun,Accounting,CrossBuy.Models.Context.Accounting,CrossBuy/Models/Context/Accounting/FxAllocations.cs,,ID,CompanyID,,Status,True,True,False,False,False,12
Accounting,JournalEntry,Accounting,CrossBuy.Models.Context.Accounting,CrossBuy/Models/Context/Accounting/GeneralLedger.cs,,ID,CompanyID,,Status,True,True,True,False,False,20
Accounting,JournalEntryLine,Accounting,CrossBuy.Models.Context.Accounting,CrossBuy/Models/Context/Accounting/GeneralLedger.cs,,ID,,,,False,False,False,False,False,15
Accounting,MaintenanceRecord,FixedAssets,CrossBuy.Models.Context.Accounting,CrossBuy/Models/Context/Accounting/Maintenance.cs,,ID,CompanyID,,Status,True,False,False,False,False,13
Accounting,MaintenanceSchedule,FixedAssets,CrossBuy.Models.Context.Accounting,CrossBuy/Models/Context/Accounting/Maintenance.cs,,ID,CompanyID,,IsActive,True,False,False,False,False,11
Accounting,NumberSequence,Unclassified,CrossBuy.Models.Context.Accounting,CrossBuy/Models/Context/Accounting/GeneralLedger.cs,,ID,CompanyID,,,False,False,False,False,False,7
Accounting,Payment,Unclassified,CrossBuy.Models.Context.Accounting,CrossBuy/Models/Context/Accounting/ReceivablesPayables.cs,,ID,CompanyID,,Status,True,False,False,False,False,15
Accounting,PaymentAllocation,Unclassified,CrossBuy.Models.Context.Accounting,CrossBuy/Models/Context/Accounting/FxAllocations.cs,,ID,CompanyID,,,True,False,False,False,False,10
Accounting,PayrollSettings,HR,CrossBuy.Models.Context.Accounting,CrossBuy/Models/Context/Accounting/PayrollSettings.cs,,,CompanyID,,,True,False,False,False,False,8
Accounting,PayrollTaxBracket,Accounting,CrossBuy.Models.Context.Accounting,CrossBuy/Models/Context/Accounting/PayrollTaxBracket.cs,,ID,CompanyID,,,True,False,False,False,False,7
Accounting,PostingRule,POS,CrossBuy.Models.Context.Accounting,CrossBuy/Models/Context/Accounting/PostingRule.cs,,ID,CompanyID,,,True,False,False,False,False,8
Accounting,ProgressBilling,Projects,CrossBuy.Models.Context.Accounting,CrossBuy/Models/Context/Accounting/ProgressBilling.cs,,ID,CompanyID,,Status,True,True,False,False,False,24
Accounting,ProgressBillingLine,Projects,CrossBuy.Models.Context.Accounting,CrossBuy/Models/Context/Accounting/ProgressBilling.cs,,ID,,,,False,False,False,False,False,7
Accounting,Project,Projects,CrossBuy.Models.Context.Accounting,CrossBuy/Models/Context/Accounting/Dimensions.cs,,ID,CompanyID,,Status,True,False,False,False,False,18
Accounting,ProjectActivityType,Projects,CrossBuy.Models.Context.Accounting,CrossBuy/Models/Context/Accounting/Dimensions.cs,,ID,CompanyID,,IsActive,True,False,False,False,False,7
Accounting,ProjectMaterialIssue,Projects,CrossBuy.Models.Context.Accounting,CrossBuy/Models/Context/Accounting/ProjectMaterialIssue.cs,,ID,CompanyID,,Status,True,True,False,False,False,13
Accounting,ProjectMaterialIssueLine,Projects,CrossBuy.Models.Context.Accounting,CrossBuy/Models/Context/Accounting/ProjectMaterialIssue.cs,,ID,,,,False,False,False,False,False,9
Accounting,ProjectProgress,Projects,CrossBuy.Models.Context.Accounting,CrossBuy/Models/Context/Accounting/ProjectProgress.cs,,ID,CompanyID,,Status,True,True,False,False,False,12
Accounting,ProjectProgressLine,Projects,CrossBuy.Models.Context.Accounting,CrossBuy/Models/Context/Accounting/ProjectProgress.cs,,ID,,,,False,False,False,False,False,7
Accounting,PurchaseInvoice,Unclassified,CrossBuy.Models.Context.Accounting,CrossBuy/Models/Context/Accounting/ReceivablesPayables.cs,,ID,CompanyID,,Status,True,False,False,False,False,19
Accounting,PurchaseInvoiceLine,Unclassified,CrossBuy.Models.Context.Accounting,CrossBuy/Models/Context/Accounting/ReceivablesPayables.cs,,ID,,,,False,False,False,False,False,15
Accounting,PurchaseReturn,Unclassified,CrossBuy.Models.Context.Accounting,CrossBuy/Models/Context/Accounting/ReceivablesPayables.cs,,ID,CompanyID,,Status,True,False,False,False,False,20
Accounting,PurchaseReturnLine,Unclassified,CrossBuy.Models.Context.Accounting,CrossBuy/Models/Context/Accounting/ReceivablesPayables.cs,,ID,,,,False,False,False,False,False,11
Accounting,Receipt,Unclassified,CrossBuy.Models.Context.Accounting,CrossBuy/Models/Context/Accounting/ReceivablesPayables.cs,,ID,CompanyID,,Status,True,False,False,False,False,15
Accounting,ReceiptAllocation,Unclassified,CrossBuy.Models.Context.Accounting,CrossBuy/Models/Context/Accounting/FxAllocations.cs,,ID,CompanyID,,,True,False,False,False,False,10
Accounting,SalesInvoice,Unclassified,CrossBuy.Models.Context.Accounting,CrossBuy/Models/Context/Accounting/ReceivablesPayables.cs,,ID,CompanyID,,Status,True,False,False,False,False,21
Accounting,SalesInvoiceLine,Unclassified,CrossBuy.Models.Context.Accounting,CrossBuy/Models/Context/Accounting/ReceivablesPayables.cs,,ID,,,,False,False,False,False,False,16
Accounting,SalesReturn,Unclassified,CrossBuy.Models.Context.Accounting,CrossBuy/Models/Context/Accounting/ReceivablesPayables.cs,,ID,CompanyID,,Status,True,False,False,False,False,20
Accounting,SalesReturnLine,Unclassified,CrossBuy.Models.Context.Accounting,CrossBuy/Models/Context/Accounting/ReceivablesPayables.cs,,ID,,,,False,False,False,False,False,13
Accounting,Subcontract,Unclassified,CrossBuy.Models.Context.Accounting,CrossBuy/Models/Context/Accounting/Subcontract.cs,,ID,CompanyID,,Status,True,True,False,False,False,10
Accounting,SubcontractBilling,Projects,CrossBuy.Models.Context.Accounting,CrossBuy/Models/Context/Accounting/Subcontract.cs,,ID,CompanyID,,Status,True,True,False,False,False,22
Accounting,TaxCode,Accounting,CrossBuy.Models.Context.Accounting,CrossBuy/Models/Context/Accounting/Taxes.cs,,ID,CompanyID,,IsActive,True,False,False,False,False,10
Accounting,VariationOrder,Projects,CrossBuy.Models.Context.Accounting,CrossBuy/Models/Context/Accounting/VariationOrder.cs,,ID,CompanyID,,Status,True,True,False,False,False,14
Accounting,VariationOrderLine,Projects,CrossBuy.Models.Context.Accounting,CrossBuy/Models/Context/Accounting/VariationOrder.cs,,ID,,,,False,False,False,False,False,17
Accounting,VatReturn,Unclassified,CrossBuy.Models.Context.Accounting,CrossBuy/Models/Context/Accounting/Taxes.cs,,ID,CompanyID,,Status,True,False,False,False,False,12
Accounting,Vendor,Unclassified,CrossBuy.Models.Context.Accounting,CrossBuy/Models/Context/Accounting/ReceivablesPayables.cs,,ID,CompanyID,,IsActive,True,False,False,False,False,15
Accounting,YearEndClosing,Accounting,CrossBuy.Models.Context.Accounting,CrossBuy/Models/Context/Accounting/Closing.cs,,ID,CompanyID,,Status,True,False,False,False,False,11
Admin,AdministrativeBodiesCompany,HR,CrossBuy.Models.Context.Admin,CrossBuy/Models/Context/Admin/AdministrativeBodiesCompany.cs,BaseEntity,,,,,False,False,False,False,False,4
Admin,ApplicationDocument,Unclassified,CrossBuy.Models.Context.Admin,CrossBuy/Models/Context/Admin/Recruitment.cs,,ID,,,,False,False,False,False,False,11
Admin,Appraisal,HR,CrossBuy.Models.Context.Admin,CrossBuy/Models/Context/Admin/Appraisal.cs,,ID,CompanyID,,Status,True,True,False,False,False,15
Admin,AppraisalCriterion,HR,CrossBuy.Models.Context.Admin,CrossBuy/Models/Context/Admin/Appraisal.cs,,ID,,,,False,False,False,False,False,7
Admin,AppraisalCycle,HR,CrossBuy.Models.Context.Admin,CrossBuy/Models/Context/Admin/Appraisal.cs,,ID,CompanyID,,Status,True,False,False,False,False,9
Admin,AppraisalLine,HR,CrossBuy.Models.Context.Admin,CrossBuy/Models/Context/Admin/Appraisal.cs,,ID,,,,False,False,False,False,False,5
Admin,AppraisalTemplate,HR,CrossBuy.Models.Context.Admin,CrossBuy/Models/Context/Admin/Appraisal.cs,,ID,CompanyID,,IsActive,True,False,False,False,False,7
Admin,Attachment,Unclassified,CrossBuy.Models.Context.Admin,CrossBuy/Models/Context/Admin/Attachment.cs,BaseEntity,Id,,,,False,False,False,False,False,6
Admin,AttendancePolicies,HR,CrossBuy.Models.Context.Admin,CrossBuy/Models/Context/Admin/AttendancePolicies.cs,BaseEntity,ID,,,,False,False,False,False,False,36
Admin,AttendanceRecord,HR,CrossBuy.Models.Context.Admin,CrossBuy/Models/Context/Admin/AttendanceRecord.cs,,ID,CompanyID,,Status,True,True,False,False,False,15
Admin,Branch,Unclassified,CrossBuy.Models.Context.Admin,CrossBuy/Models/Context/Admin/Branch.cs,BaseEntity,ID,CompanyID,,,False,False,False,False,False,16
Admin,Brand,Inventory,CrossBuy.Models.Context.Admin,CrossBuy/Models/Context/Admin/Brand.cs,,ID,CompanyId,,IsActive,True,False,False,False,False,18
Admin,Companies,Unclassified,CrossBuy.Models.Context.Admin,CrossBuy/Models/Context/Admin/Companies.cs,BaseEntity,,CompanyID,,,False,False,False,False,False,17
Admin,CompanyType,Admin,CrossBuy.Models.Context.Admin,CrossBuy/Models/Context/Admin/CompanyType.cs,,Id,,,,False,False,False,False,False,4
Admin,CountriesLookup,Unclassified,CrossBuy.Models.Context.Admin,CrossBuy/Models/Context/Admin/CountriesLookup.cs,,ID,,,,False,False,False,False,False,6
Admin,Employee,HR,CrossBuy.Models.Context.Admin,CrossBuy/Models/Context/Admin/Employee.cs,BaseEntity,ID,,BranchID,IsActive,False,False,False,False,False,28
Admin,EmployeeDocument,HR,CrossBuy.Models.Context.Admin,CrossBuy/Models/Context/Admin/EmployeeDocument.cs,,ID,CompanyID,,,True,False,False,False,False,10
Admin,EmployeeRequest,HR,CrossBuy.Models.Context.Admin,CrossBuy/Models/Context/Admin/EmployeeRequest.cs,,ID,CompanyID,,Status,True,True,True,False,False,21
Admin,EmployeeRequestStep,HR,CrossBuy.Models.Context.Admin,CrossBuy/Models/Context/Admin/EmployeeRequest.cs,,ID,,,Status,True,True,True,False,False,12
Admin,EmploymentContract,HR,CrossBuy.Models.Context.Admin,CrossBuy/Models/Context/Admin/EmploymentContract.cs,,ID,CompanyID,,Status,True,False,False,False,False,10
Admin,FinalSettlement,HR,CrossBuy.Models.Context.Admin,CrossBuy/Models/Context/Admin/FinalSettlement.cs,,ID,CompanyID,,,True,False,False,False,False,15
Admin,Hierarchical,Unclassified,CrossBuy.Models.Context.Admin,CrossBuy/Models/Context/Admin/Hierarchical.cs,BaseEntity,,,,IsActive,False,False,False,False,False,10
Admin,HierarchicalType,Unclassified,CrossBuy.Models.Context.Admin,CrossBuy/Models/Context/Admin/HierarchicalType.cs,,ID,,,,False,False,False,False,False,3
Admin,HrDocumentAttachment,HR,CrossBuy.Models.Context.Admin,CrossBuy/Models/Context/Admin/HrDocumentAttachment.cs,,ID,CompanyID,,,False,False,False,False,False,7
Admin,JobApplication,Unclassified,CrossBuy.Models.Context.Admin,CrossBuy/Models/Context/Admin/Recruitment.cs,,ID,CompanyID,BranchID,Status,True,True,True,False,False,36
Admin,JobTitle,HR,CrossBuy.Models.Context.Admin,CrossBuy/Models/Context/Admin/JobTitle.cs,,ID,,,,False,False,False,False,False,4
Admin,LeaveApprovalStep,HR,CrossBuy.Models.Context.Admin,CrossBuy/Models/Context/Admin/LeaveApprovalStep.cs,BaseEntity,ID,,,Status,False,False,False,False,False,9
Admin,LeaveCarryOver,HR,CrossBuy.Models.Context.Admin,CrossBuy/Models/Context/Admin/LeaveCarryOver.cs,,ID,CompanyID,,,True,False,False,False,False,7
Admin,LeaveEncashment,HR,CrossBuy.Models.Context.Admin,CrossBuy/Models/Context/Admin/LeaveEncashment.cs,,ID,CompanyID,,,True,False,False,False,False,12
Admin,LeavePolicies,HR,CrossBuy.Models.Context.Admin,CrossBuy/Models/Context/Admin/LeavePolicies.cs,BaseEntity,ID,,,,False,False,False,False,False,9
Admin,LeaveProvisionRun,HR,CrossBuy.Models.Context.Admin,CrossBuy/Models/Context/Admin/LeaveProvisionRun.cs,,ID,CompanyID,,,True,False,False,False,False,8
Admin,LeaveRequest,HR,CrossBuy.Models.Context.Admin,CrossBuy/Models/Context/Admin/LeaveRequest.cs,BaseEntity,ID,,,Status,False,False,False,False,False,16
Admin,LeaveTypes,HR,CrossBuy.Models.Context.Admin,CrossBuy/Models/Context/Admin/LeaveTypes.cs,BaseEntity,ID,,,,False,False,False,False,False,6
Admin,Notification,Communication,CrossBuy.Models.Context.Admin,CrossBuy/Models/Context/Admin/Notification.cs,BaseEntity,ID,CompanyID,BranchID,,False,False,False,False,True,22
Admin,NotificationMute,Communication,CrossBuy.Models.Context.Admin,CrossBuy/Models/Context/Admin/Notification.cs,,ID,,,,True,False,False,False,False,4
Admin,OfficialHoliday,HR,CrossBuy.Models.Context.Admin,CrossBuy/Models/Context/Admin/OfficialHoliday.cs,,ID,CompanyID,,,True,False,False,False,False,8
Admin,Payslip,Unclassified,CrossBuy.Models.Context.Admin,CrossBuy/Models/Context/Admin/Payslip.cs,,ID,CompanyID,,,True,False,False,False,False,21
Admin,Policies,Unclassified,CrossBuy.Models.Context.Admin,CrossBuy/Models/Context/Admin/Policies.cs,BaseEntity,ID,,,,False,False,False,False,False,8
Admin,PolicyAssignments,Unclassified,CrossBuy.Models.Context.Admin,CrossBuy/Models/Context/Admin/PolicyAssignments.cs,BaseEntity,ID,,,,False,False,False,False,False,5
Admin,RequiredDocumentType,Unclassified,CrossBuy.Models.Context.Admin,CrossBuy/Models/Context/Admin/Recruitment.cs,,ID,CompanyID,,IsActive,True,False,False,False,False,8
Admin,SalaryPolicies,Unclassified,CrossBuy.Models.Context.Admin,CrossBuy/Models/Context/Admin/SalaryPolicies.cs,BaseEntity,ID,,,,False,False,False,False,False,18
Admin,SystemForms,Unclassified,CrossBuy.Models.Context.Admin,CrossBuy/Models/Context/Admin/SystemForms.cs,BaseEntity,Id,,,,False,False,False,False,False,3
Admin,TrainingCourse,HR,CrossBuy.Models.Context.Admin,CrossBuy/Models/Context/Admin/Training.cs,,ID,CompanyID,,IsActive,True,False,False,False,False,15
Admin,TrainingEnrollment,HR,CrossBuy.Models.Context.Admin,CrossBuy/Models/Context/Admin/Training.cs,,ID,CompanyID,,Status,True,False,False,False,False,10
Admin,Users,Admin,CrossBuy.Models.Context.Admin,CrossBuy/Models/Context/Admin/Users.cs,IdentityUser,,,,IsActive,False,False,False,False,False,2
Calendar,CalendarEvent,Communication,CrossBuy.Models.Context.Calendar,CrossBuy/Models/Context/Calendar/CalendarEvent.cs,BaseEntity,Id,CompanyID,,,False,False,False,True,False,11
Calendar,CalendarEventAttendee,Communication,CrossBuy.Models.Context.Calendar,CrossBuy/Models/Context/Calendar/CalendarEvent.cs,,Id,,,,False,False,False,False,False,3
Chat,ChatMessage,Communication,CrossBuy.Models.Context.Chat,CrossBuy/Models/Context/Chat/Chat.cs,,ID,,,,True,False,False,True,False,11
Chat,ChatReaction,Communication,CrossBuy.Models.Context.Chat,CrossBuy/Models/Context/Chat/Chat.cs,,ID,,,,True,False,False,False,False,5
Chat,Conversation,Unclassified,CrossBuy.Models.Context.Chat,CrossBuy/Models/Context/Chat/Chat.cs,,ID,CompanyID,,,True,False,False,False,False,8
Chat,ConversationMember,Unclassified,CrossBuy.Models.Context.Chat,CrossBuy/Models/Context/Chat/Chat.cs,,ID,,,,False,False,False,False,False,7
Comm,Announcement,Communication,CrossBuy.Models.Context.Comm,CrossBuy/Models/Context/Comm/Announcement.cs,BaseEntity,Id,CompanyID,BranchID,IsActive,False,False,False,False,False,10
Comm,AnnouncementRead,Communication,CrossBuy.Models.Context.Comm,CrossBuy/Models/Context/Comm/Announcement.cs,,Id,,,,False,False,False,False,False,4
Comm,CommAttachment,Communication,CrossBuy.Models.Context.Comm,CrossBuy/Models/Context/Comm/CommMessage.cs,,Id,,,,True,False,False,False,False,6
Comm,CommMessage,Communication,CrossBuy.Models.Context.Comm,CrossBuy/Models/Context/Comm/CommMessage.cs,BaseEntity,Id,CompanyID,,Status,False,False,False,True,False,14
Comm,DocComment,Communication,CrossBuy.Models.Context.Comm,CrossBuy/Models/Context/Comm/DocComment.cs,BaseEntity,Id,CompanyID,,,False,False,False,True,True,6
Context,CrossDbContext,Unclassified,CrossBuy.Models.Context,CrossBuy/Models/Context/CrossDbContext.cs,IdentityDbContext<Users>,,,,,False,False,False,False,False,28
Crm,Activity,Unclassified,CrossBuy.Models.Context.Crm,CrossBuy/Models/Context/Crm/Crm.cs,,ID,CompanyID,,,True,True,False,False,True,18
Crm,Campaign,Unclassified,CrossBuy.Models.Context.Crm,CrossBuy/Models/Context/Crm/Crm.cs,,ID,CompanyID,,Status,True,True,False,False,False,13
Crm,CampaignMember,Unclassified,CrossBuy.Models.Context.Crm,CrossBuy/Models/Context/Crm/Crm.cs,,ID,CompanyID,,Status,True,False,False,False,True,10
Crm,CrmAccount,CRM,CrossBuy.Models.Context.Crm,CrossBuy/Models/Context/Crm/Crm.cs,,ID,CompanyID,,IsActive,True,True,False,False,False,19
Crm,CrmAutomationRule,CRM,CrossBuy.Models.Context.Crm,CrossBuy/Models/Context/Crm/CrmAutomationRule.cs,,ID,CompanyID,,IsActive,False,False,False,False,False,15
Crm,CrmContact,CRM,CrossBuy.Models.Context.Crm,CrossBuy/Models/Context/Crm/Crm.cs,,ID,CompanyID,,,True,False,False,False,False,13
Crm,CrmCustomField,CRM,CrossBuy.Models.Context.Crm,CrossBuy/Models/Context/Crm/CrmCustomField.cs,,ID,CompanyID,,IsActive,False,False,False,False,False,12
Crm,CrmCustomFieldValue,CRM,CrossBuy.Models.Context.Crm,CrossBuy/Models/Context/Crm/CrmCustomField.cs,,ID,CompanyID,,,False,False,False,False,True,6
Crm,CrmListMember,CRM,CrossBuy.Models.Context.Crm,CrossBuy/Models/Context/Crm/Crm.cs,,ID,CompanyID,,,True,False,False,False,True,7
Crm,CrmMarketingList,CRM,CrossBuy.Models.Context.Crm,CrossBuy/Models/Context/Crm/Crm.cs,,ID,CompanyID,,IsActive,True,True,False,False,False,11
Crm,CrmPipeline,CRM,CrossBuy.Models.Context.Crm,CrossBuy/Models/Context/Crm/Crm.cs,,ID,CompanyID,,IsActive,True,False,False,False,False,8
Crm,CrmPipelineStage,CRM,CrossBuy.Models.Context.Crm,CrossBuy/Models/Context/Crm/Crm.cs,,ID,CompanyID,,,True,False,False,False,False,10
Crm,CrmScoringRule,CRM,CrossBuy.Models.Context.Crm,CrossBuy/Models/Context/Crm/Crm.cs,,ID,CompanyID,,IsActive,True,False,False,False,False,10
Crm,CrmSettings,CRM,CrossBuy.Models.Context.Crm,CrossBuy/Models/Context/Crm/Crm.cs,,ID,CompanyID,,,True,False,False,False,False,6
Crm,CrmSlaPolicy,CRM,CrossBuy.Models.Context.Crm,CrossBuy/Models/Context/Crm/Crm.cs,,ID,CompanyID,,IsActive,True,False,False,False,False,8
Crm,CrmTicket,CRM,CrossBuy.Models.Context.Crm,CrossBuy/Models/Context/Crm/Crm.cs,,ID,CompanyID,,Status,True,True,False,False,False,22
Crm,CrmUserRole,CRM,CrossBuy.Models.Context.Crm,CrossBuy/Models/Context/Crm/Crm.cs,,ID,CompanyID,,,True,False,False,False,False,5
Crm,Lead,Unclassified,CrossBuy.Models.Context.Crm,CrossBuy/Models/Context/Crm/Crm.cs,,ID,CompanyID,,Status,True,True,False,False,False,19
Crm,Opportunity,Unclassified,CrossBuy.Models.Context.Crm,CrossBuy/Models/Context/Crm/Crm.cs,,ID,CompanyID,,,True,True,False,False,False,20
Crm,OpportunityProduct,Unclassified,CrossBuy.Models.Context.Crm,CrossBuy/Models/Context/Crm/Crm.cs,,ID,CompanyID,,,False,False,False,False,False,9
Inventory,BinLocation,Unclassified,CrossBuy.Models.Context.Inventory,CrossBuy/Models/Context/Inventory/Inventory.cs,,ID,,,IsActive,False,False,False,False,False,7
Inventory,BinStock,Inventory,CrossBuy.Models.Context.Inventory,CrossBuy/Models/Context/Inventory/Inventory.cs,,ID,CompanyID,,,False,False,False,False,False,7
Inventory,DeliveryNote,Unclassified,CrossBuy.Models.Context.Inventory,CrossBuy/Models/Context/Inventory/Inventory.cs,,ID,CompanyID,,Status,True,True,False,False,False,16
Inventory,DeliveryNoteLine,Unclassified,CrossBuy.Models.Context.Inventory,CrossBuy/Models/Context/Inventory/Inventory.cs,,ID,,,,False,False,False,False,False,12
Inventory,GoodsReceipt,Unclassified,CrossBuy.Models.Context.Inventory,CrossBuy/Models/Context/Inventory/Inventory.cs,,ID,CompanyID,,Status,True,True,False,False,False,16
Inventory,GoodsReceiptLine,Unclassified,CrossBuy.Models.Context.Inventory,CrossBuy/Models/Context/Inventory/Inventory.cs,,ID,,,,False,False,False,False,False,13
Inventory,IntegrityCheckRun,Inventory,CrossBuy.Models.Context.Inventory,CrossBuy/Models/Context/Inventory/Inventory.cs,,ID,CompanyID,,,False,False,False,False,False,7
Inventory,InventoryApproval,Inventory,CrossBuy.Models.Context.Inventory,CrossBuy/Models/Context/Inventory/Inventory.cs,,ID,CompanyID,,Status,False,False,False,False,False,12
Inventory,InventoryReconcileLog,Inventory,CrossBuy.Models.Context.Inventory,CrossBuy/Models/Context/Inventory/Inventory.cs,,ID,CompanyID,,,False,False,False,False,False,14
Inventory,InventorySettings,Inventory,CrossBuy.Models.Context.Inventory,CrossBuy/Models/Context/Inventory/Inventory.cs,,ID,CompanyID,,,True,False,False,False,False,11
Inventory,InventoryUserRole,Inventory,CrossBuy.Models.Context.Inventory,CrossBuy/Models/Context/Inventory/Inventory.cs,,ID,CompanyID,,,True,False,False,False,False,6
Inventory,Item,Inventory,CrossBuy.Models.Context.Inventory,CrossBuy/Models/Context/Inventory/Inventory.cs,,ID,CompanyID,,IsActive,True,True,True,False,False,37
Inventory,ItemBarcode,Inventory,CrossBuy.Models.Context.Inventory,CrossBuy/Models/Context/Inventory/Inventory.cs,,ID,,,,False,False,False,False,False,4
Inventory,ItemCategory,Inventory,CrossBuy.Models.Context.Inventory,CrossBuy/Models/Context/Inventory/Inventory.cs,,ID,CompanyID,,IsActive,True,True,True,False,False,19
Inventory,ItemComponent,Inventory,CrossBuy.Models.Context.Inventory,CrossBuy/Models/Context/Inventory/Inventory.cs,,ID,CompanyID,,,True,False,False,False,False,9
Inventory,ItemImage,Inventory,CrossBuy.Models.Context.Inventory,CrossBuy/Models/Context/Inventory/Inventory.cs,,ID,CompanyID,,,True,False,False,False,False,6
Inventory,ItemTypes,Inventory,CrossBuy.Models.Context.Inventory,CrossBuy/Models/Context/Inventory/Inventory.cs,,,,,,False,False,False,False,False,0
Inventory,ItemWarehouseSetting,Inventory,CrossBuy.Models.Context.Inventory,CrossBuy/Models/Context/Inventory/Inventory.cs,,ID,,,,False,False,False,False,False,10
Inventory,LandedCost,Unclassified,CrossBuy.Models.Context.Inventory,CrossBuy/Models/Context/Inventory/Inventory.cs,,ID,CompanyID,,Status,True,True,False,False,False,13
Inventory,LandedCostCharge,Unclassified,CrossBuy.Models.Context.Inventory,CrossBuy/Models/Context/Inventory/Inventory.cs,,ID,,,,False,False,False,False,False,6
Inventory,ManufPlan,Manufacturing,CrossBuy.Models.Context.Inventory,CrossBuy/Models/Context/Inventory/Inventory.cs,,ID,CompanyID,,Status,True,True,False,False,False,7
Inventory,ManufPlanDemand,Manufacturing,CrossBuy.Models.Context.Inventory,CrossBuy/Models/Context/Inventory/Inventory.cs,,ID,CompanyID,,,True,False,False,False,False,7
Inventory,ManufRoutingOp,Manufacturing,CrossBuy.Models.Context.Inventory,CrossBuy/Models/Context/Inventory/Inventory.cs,,ID,CompanyID,,,True,False,False,False,False,9
Inventory,ManufWorkCenter,Manufacturing,CrossBuy.Models.Context.Inventory,CrossBuy/Models/Context/Inventory/Inventory.cs,,ID,CompanyID,,IsActive,True,False,False,False,False,8
Inventory,ManufWorkOrder,Manufacturing,CrossBuy.Models.Context.Inventory,CrossBuy/Models/Context/Inventory/Inventory.cs,,ID,CompanyID,,Status,True,True,False,False,False,24
Inventory,ManufWorkOrderComponent,Manufacturing,CrossBuy.Models.Context.Inventory,CrossBuy/Models/Context/Inventory/Inventory.cs,,ID,CompanyID,,,False,False,False,False,False,8
Inventory,ManufWorkOrderLabor,Manufacturing,CrossBuy.Models.Context.Inventory,CrossBuy/Models/Context/Inventory/Inventory.cs,,ID,CompanyID,,,True,True,False,False,False,18
Inventory,OpeningBalance,Accounting,CrossBuy.Models.Context.Inventory,CrossBuy/Models/Context/Inventory/Inventory.cs,,ID,CompanyID,,,True,True,False,False,False,10
Inventory,OpeningBalanceControl,Accounting,CrossBuy.Models.Context.Inventory,CrossBuy/Models/Context/Inventory/Inventory.cs,,,CompanyID,,,False,False,False,False,False,5
Inventory,PriceList,Unclassified,CrossBuy.Models.Context.Inventory,CrossBuy/Models/Context/Inventory/PriceList.cs,,ID,CompanyID,,IsActive,True,True,False,False,False,16
Inventory,PriceListLine,Unclassified,CrossBuy.Models.Context.Inventory,CrossBuy/Models/Context/Inventory/PriceList.cs,,ID,,,,False,False,False,False,False,11
Inventory,Promotion,Unclassified,CrossBuy.Models.Context.Inventory,CrossBuy/Models/Context/Inventory/PriceList.cs,,ID,CompanyID,,IsActive,True,True,False,False,False,19
Inventory,PurchaseOrder,Unclassified,CrossBuy.Models.Context.Inventory,CrossBuy/Models/Context/Inventory/Inventory.cs,,ID,CompanyID,,Status,True,True,False,False,False,18
Inventory,PurchaseOrderLine,Unclassified,CrossBuy.Models.Context.Inventory,CrossBuy/Models/Context/Inventory/Inventory.cs,,ID,,,,False,False,False,False,False,12
Inventory,Quotation,Unclassified,CrossBuy.Models.Context.Inventory,CrossBuy/Models/Context/Inventory/Quotation.cs,,ID,CompanyID,,Status,True,True,False,False,False,18
Inventory,QuotationLine,Unclassified,CrossBuy.Models.Context.Inventory,CrossBuy/Models/Context/Inventory/Quotation.cs,,ID,,,,False,False,False,False,False,11
Inventory,SalesOrder,Unclassified,CrossBuy.Models.Context.Inventory,CrossBuy/Models/Context/Inventory/Inventory.cs,,ID,CompanyID,,Status,True,True,False,False,False,18
Inventory,SalesOrderLine,Unclassified,CrossBuy.Models.Context.Inventory,CrossBuy/Models/Context/Inventory/Inventory.cs,,ID,,,,False,False,False,False,False,12
Inventory,StockBalance,Inventory,CrossBuy.Models.Context.Inventory,CrossBuy/Models/Context/Inventory/Inventory.cs,,ID,CompanyID,,,False,False,False,False,False,8
Inventory,StockBatch,Inventory,CrossBuy.Models.Context.Inventory,CrossBuy/Models/Context/Inventory/Inventory.cs,,ID,CompanyID,,,True,False,False,False,False,6
Inventory,StockCostLayer,Inventory,CrossBuy.Models.Context.Inventory,CrossBuy/Models/Context/Inventory/Inventory.cs,,ID,CompanyID,,,True,False,False,False,False,10
Inventory,StockCount,Inventory,CrossBuy.Models.Context.Inventory,CrossBuy/Models/Context/Inventory/Inventory.cs,,ID,CompanyID,,Status,True,True,False,False,False,11
Inventory,StockCountLine,Inventory,CrossBuy.Models.Context.Inventory,CrossBuy/Models/Context/Inventory/Inventory.cs,,ID,,,,False,False,False,False,False,11
Inventory,StockMovement,Inventory,CrossBuy.Models.Context.Inventory,CrossBuy/Models/Context/Inventory/Inventory.cs,,ID,CompanyID,,,True,True,False,False,False,22
Inventory,StockSerial,Inventory,CrossBuy.Models.Context.Inventory,CrossBuy/Models/Context/Inventory/Inventory.cs,,ID,CompanyID,,Status,True,False,False,False,False,8
Inventory,StockTransfer,Inventory,CrossBuy.Models.Context.Inventory,CrossBuy/Models/Context/Inventory/Inventory.cs,,ID,CompanyID,,Status,True,True,False,False,False,13
Inventory,StockTransferLine,Inventory,CrossBuy.Models.Context.Inventory,CrossBuy/Models/Context/Inventory/Inventory.cs,,ID,,,,False,False,False,False,False,12
Inventory,StockWriteOff,Inventory,CrossBuy.Models.Context.Inventory,CrossBuy/Models/Context/Inventory/Inventory.cs,,ID,CompanyID,,Status,True,True,False,False,False,13
Inventory,StockWriteOffLine,Inventory,CrossBuy.Models.Context.Inventory,CrossBuy/Models/Context/Inventory/Inventory.cs,,ID,,,,False,False,False,False,False,12
Inventory,UnitOfMeasure,Unclassified,CrossBuy.Models.Context.Inventory,CrossBuy/Models/Context/Inventory/Inventory.cs,,ID,CompanyID,,IsActive,True,False,False,False,False,7
Inventory,UoMConversion,Unclassified,CrossBuy.Models.Context.Inventory,CrossBuy/Models/Context/Inventory/Inventory.cs,,ID,,,,False,False,False,False,False,5
Inventory,Warehouse,Inventory,CrossBuy.Models.Context.Inventory,CrossBuy/Models/Context/Inventory/Inventory.cs,,ID,CompanyID,,IsActive,True,True,True,False,False,14
Library,LibraryItem,Inventory,CrossBuy.Models.Context.Library,CrossBuy/Models/Context/Library/LibraryItem.cs,BaseEntity,Id,CompanyID,,,False,False,False,True,False,11
Models,BaseEntity,Unclassified,CrossBuy.Models,CrossBuy/Models/BaseEntity.cs,,,,,,True,True,True,False,False,4
Models,BusinessContext,Platform,CrossBuy.Models.Platform,CrossBuy/Models/Platform/BusinessContext.cs,,,,BranchId,,False,False,False,False,False,7
Models,BusinessEventActor,Platform,CrossBuy.Models.Platform,CrossBuy/Models/Platform/BusinessEventContracts.cs,,,,,,False,False,False,False,False,1
Models,BusinessEventConsumers,Platform,CrossBuy.Models.Platform,CrossBuy/Models/Platform/BusinessEventContracts.cs,,,,,,False,False,False,False,False,0
Models,BusinessEventContext,Platform,CrossBuy.Models.Platform,CrossBuy/Models/Platform/BusinessEventContracts.cs,,,,BranchId,,False,False,False,False,False,2
Models,BusinessEventContractException,Platform,CrossBuy.Models.Platform,CrossBuy/Models/Platform/BusinessEventContracts.cs,InvalidOperationException,,,,,False,False,False,False,False,0
Models,BusinessEventDispatchStatus,Platform,CrossBuy.Models.Platform,CrossBuy/Models/Platform/BusinessEventContracts.cs,,,,,,False,False,False,False,False,0
Models,BusinessEventEntity,Platform,CrossBuy.Models.Platform,CrossBuy/Models/Platform/BusinessEventContracts.cs,,,,,,False,False,False,False,False,0
Models,BusinessEventEnvelope,Platform,CrossBuy.Models.Platform,CrossBuy/Models/Platform/BusinessEventContracts.cs,,,,,,False,False,False,False,False,1
Models,BusinessEventPayloadTooLargeException,Platform,CrossBuy.Models.Platform,CrossBuy/Models/Platform/BusinessEventContracts.cs,InvalidOperationException,,,,,False,False,False,False,False,2
Models,BusinessEventRecord,Platform,CrossBuy.Models.Platform,CrossBuy/Models/Platform/BusinessEventContracts.cs,,,,,,False,False,False,False,False,9
Models,BusinessEventVisibility,Platform,CrossBuy.Models.Platform,CrossBuy/Models/Platform/BusinessEventContracts.cs,,,,,,False,False,False,False,False,0
Models,ControllerToastExtensions,Unclassified,CrossBuy.Models,CrossBuy/Models/ControllerToastExtensions.cs,,,,,,False,False,False,False,False,0
Models,CustomerEventPayload,Platform,CrossBuy.Models.Platform,CrossBuy/Models/Platform/Slice2EventPayloads.cs,,,,,,False,False,False,False,False,7
Models,DocCol,Unclassified,CrossBuy.Models,CrossBuy/Models/DocDetailVm.cs,,,,,,False,False,False,False,False,0
Models,DocDetailVm,Unclassified,CrossBuy.Models,CrossBuy/Models/DocDetailVm.cs,,,,,Status,False,False,False,False,False,14
Models,DocKv,Unclassified,CrossBuy.Models,CrossBuy/Models/DocDetailVm.cs,,,,,,False,False,False,False,False,0
Models,EntityDefinition,Platform,CrossBuy.Models.Platform,CrossBuy/Models/Platform/EntityDefinition.cs,,,,,,False,False,False,False,False,7
Models,EntityReference,Platform,CrossBuy.Models.Platform,CrossBuy/Models/Platform/EntityDefinition.cs,,,,,,False,False,False,False,False,0
Models,EntityResolveResult,Platform,CrossBuy.Models.Platform,CrossBuy/Models/Platform/EntityDefinition.cs,,,,,,False,False,False,False,False,1
Models,EntitySearchResult,Platform,CrossBuy.Models.Platform,CrossBuy/Models/Platform/EntityDefinition.cs,,,,,,False,False,False,False,False,1
Models,ErrorViewModel,Unclassified,CrossBuy.Models,CrossBuy/Models/ErrorViewModel.cs,,,,,,False,False,False,False,False,1
Models,InvariantNumberModelBinder,Unclassified,CrossBuy.Models.Binders,CrossBuy/Models/Binders/InvariantNumberModelBinder.cs,IModelBinder,,,,,False,False,False,False,False,0
Models,InvariantNumberModelBinderProvider,Unclassified,CrossBuy.Models.Binders,CrossBuy/Models/Binders/InvariantNumberModelBinder.cs,IModelBinderProvider,,,,,False,False,False,False,False,0
Models,MainMenu,Admin,CrossBuy.Models.Menu,CrossBuy/Models/Menu/MainMenu.cs,,,,,,False,False,False,False,False,0
Models,ManufWorkOrderEventPayload,Platform,CrossBuy.Models.Platform,CrossBuy/Models/Platform/Slice2EventPayloads.cs,,,,,,False,False,False,False,False,11
Models,MappingProfile,Unclassified,CrossBuy.Models,CrossBuy/Models/MappingProfile.cs,Profile,,,,,False,False,False,False,False,0
Models,MenuCategory,Admin,CrossBuy.Models.Menu,CrossBuy/Models/Menu/MainMenu.cs,,,,,,False,False,False,False,False,4
Models,MenuItem,Inventory,CrossBuy.Models.Menu,CrossBuy/Models/Menu/MainMenu.cs,,,,,,False,False,False,False,False,7
Models,NotificationCommand,Platform,CrossBuy.Models.Platform,CrossBuy/Models/Platform/NotificationCommand.cs,,,,BranchId,,False,False,False,False,False,8
Models,NumberInputNormalizer,Unclassified,CrossBuy.Models.Binders,CrossBuy/Models/Binders/InvariantNumberModelBinder.cs,,,,,,False,False,False,False,False,0
Models,PermissionCheckRequest,Platform,CrossBuy.Models.Platform,CrossBuy/Models/Platform/PlatformPermission.cs,,,,,,False,False,False,False,False,0
Models,PermissionDecision,Platform,CrossBuy.Models.Platform,CrossBuy/Models/Platform/PlatformPermission.cs,,,,,,False,False,False,False,False,1
Models,PlatformAccessDeniedException,Platform,CrossBuy.Models.Platform,CrossBuy/Models/Platform/PlatformPermission.cs,Exception,,,,,False,False,False,False,True,3
Models,PlatformActions,Platform,CrossBuy.Models.Platform,CrossBuy/Models/Platform/PlatformPermission.cs,,,,,,False,False,False,False,False,0
Models,PurchaseInvoiceEventPayload,Platform,CrossBuy.Models.Platform,CrossBuy/Models/Platform/Slice2EventPayloads.cs,,,,,,False,False,False,False,False,9
Models,SalesInvoiceEventPayload,Platform,CrossBuy.Models.Platform,CrossBuy/Models/Platform/SalesInvoiceEventPayload.cs,,,,,,False,False,False,False,False,6
Models,SharedResources,Unclassified,CrossBuy.Models,CrossBuy/Models/SharedResources.cs,,,,,,False,False,False,False,False,0
Models,TimelineItemViewModel,Platform,CrossBuy.Models.Platform,CrossBuy/Models/Platform/TimelineItemViewModel.cs,,,,,,False,False,False,False,False,5
Platform,BusinessEvent,Platform,CrossBuy.Models.Context.Platform,CrossBuy/Models/Context/Platform/BusinessEvent.cs,,EventId,CompanyID,BranchID,,True,False,False,False,True,15
Platform,BusinessEventDispatch,Platform,CrossBuy.Models.Context.Platform,CrossBuy/Models/Context/Platform/BusinessEvent.cs,,ID,,,Status,False,False,True,False,False,7
Pos,ActivityPreset,Unclassified,CrossBuy.Models.Context.Pos,CrossBuy/Models/Context/Pos/OperationsPlatform.cs,,ID,,,,False,False,False,False,False,5
Pos,ActivityPresetCapability,Unclassified,CrossBuy.Models.Context.Pos,CrossBuy/Models/Context/Pos/OperationsPlatform.cs,,ID,,,,False,False,False,False,False,4
Pos,BranchCapability,Unclassified,CrossBuy.Models.Context.Pos,CrossBuy/Models/Context/Pos/OperationsPlatform.cs,,ID,,BranchId,,False,False,False,False,False,4
Pos,BranchItemSourcing,Inventory,CrossBuy.Models.Context.Pos,CrossBuy/Models/Context/Pos/OperationsPlatform.cs,,ID,,BranchId,IsActive,True,False,False,False,False,10
Pos,BranchPaymentMethod,Unclassified,CrossBuy.Models.Context.Pos,CrossBuy/Models/Context/Pos/OperationsPlatform.cs,,ID,,BranchId,IsActive,False,False,False,False,False,7
Pos,BranchPosSetting,POS,CrossBuy.Models.Context.Pos,CrossBuy/Models/Context/Pos/OperationsPlatform.cs,,ID,,BranchId,,False,False,False,False,False,16
Pos,BranchUserRole,Admin,CrossBuy.Models.Context.Pos,CrossBuy/Models/Context/Pos/OperationsPlatform.cs,,ID,,BranchId,IsActive,True,False,False,False,False,6
Pos,CustomerAddress,Unclassified,CrossBuy.Models.Context.Pos,CrossBuy/Models/Context/Pos/OperationsPlatform.cs,,ID,CompanyId,,IsActive,True,False,False,False,False,10
Pos,DeliveryZone,Unclassified,CrossBuy.Models.Context.Pos,CrossBuy/Models/Context/Pos/OperationsPlatform.cs,,ID,,BranchId,IsActive,False,False,False,False,False,6
Pos,DiningArea,Unclassified,CrossBuy.Models.Context.Pos,CrossBuy/Models/Context/Pos/OperationsPlatform.cs,,ID,,BranchId,IsActive,False,False,False,False,False,7
Pos,Driver,Unclassified,CrossBuy.Models.Context.Pos,CrossBuy/Models/Context/Pos/OperationsPlatform.cs,,ID,,BranchId,IsActive,False,False,False,False,False,5
Pos,ItemModifierGroup,Inventory,CrossBuy.Models.Context.Pos,CrossBuy/Models/Context/Pos/OperationsPlatform.cs,,ID,,,,False,False,False,False,False,4
Pos,KitchenStation,Unclassified,CrossBuy.Models.Context.Pos,CrossBuy/Models/Context/Pos/OperationsPlatform.cs,,ID,,BranchId,IsActive,False,False,False,False,False,7
Pos,ModifierGroup,Unclassified,CrossBuy.Models.Context.Pos,CrossBuy/Models/Context/Pos/OperationsPlatform.cs,,ID,CompanyID,,IsActive,True,False,False,False,False,10
Pos,ModifierOption,Unclassified,CrossBuy.Models.Context.Pos,CrossBuy/Models/Context/Pos/OperationsPlatform.cs,,ID,,,IsActive,False,False,False,False,False,10
Pos,PosMenuGroup,POS,CrossBuy.Models.Context.Pos,CrossBuy/Models/Context/Pos/OperationsPlatform.cs,,ID,,BranchId,IsActive,False,False,False,False,False,7
Pos,PosOrder,POS,CrossBuy.Models.Context.Pos,CrossBuy/Models/Context/Pos/OperationsPlatform.cs,,ID,CompanyId,BranchId,Status,False,False,False,False,False,37
Pos,PosOrderLine,POS,CrossBuy.Models.Context.Pos,CrossBuy/Models/Context/Pos/OperationsPlatform.cs,,ID,,,,False,False,False,False,False,16
Pos,PosOrderLineModifier,POS,CrossBuy.Models.Context.Pos,CrossBuy/Models/Context/Pos/OperationsPlatform.cs,,ID,,,,False,False,False,False,False,9
Pos,PosPayment,POS,CrossBuy.Models.Context.Pos,CrossBuy/Models/Context/Pos/OperationsPlatform.cs,,ID,,,,True,False,False,False,False,8
Pos,PosQuickItem,Inventory,CrossBuy.Models.Context.Pos,CrossBuy/Models/Context/Pos/OperationsPlatform.cs,,ID,,BranchId,IsActive,False,False,False,False,False,6
Pos,PosShift,POS,CrossBuy.Models.Context.Pos,CrossBuy/Models/Context/Pos/OperationsPlatform.cs,,ID,,,Status,False,False,False,False,False,14
Pos,PosSyncConflict,POS,CrossBuy.Models.Context.Pos,CrossBuy/Models/Context/Pos/OperationsPlatform.cs,,ID,CompanyId,,Status,True,False,False,False,False,13
Pos,PosSyncLog,POS,CrossBuy.Models.Context.Pos,CrossBuy/Models/Context/Pos/OperationsPlatform.cs,,ID,CompanyId,,,False,False,False,False,False,7
Pos,PosTerminal,POS,CrossBuy.Models.Context.Pos,CrossBuy/Models/Context/Pos/OperationsPlatform.cs,,ID,,BranchId,IsActive,True,False,False,False,False,12
Pos,Reservation,Unclassified,CrossBuy.Models.Context.Pos,CrossBuy/Models/Context/Pos/OperationsPlatform.cs,,ID,CompanyId,BranchId,Status,True,False,False,False,False,14
Pos,RestaurantTable,Unclassified,CrossBuy.Models.Context.Pos,CrossBuy/Models/Context/Pos/OperationsPlatform.cs,,ID,,,Status,False,False,False,False,False,12
Tasks,TaskAutoLog,Tasks,CrossBuy.Models.Context.Tasks,CrossBuy/Models/Context/Tasks/TaskAutomation.cs,,ID,CompanyId,,,True,False,False,False,False,5
Tasks,TaskAutoRule,Tasks,CrossBuy.Models.Context.Tasks,CrossBuy/Models/Context/Tasks/TaskAutomation.cs,,ID,CompanyId,,IsActive,True,False,False,False,False,6
Tasks,TaskItem,Inventory,CrossBuy.Models.Context.Tasks,CrossBuy/Models/Context/Tasks/TaskItem.cs,,ID,CompanyId,,Status,True,False,False,False,True,29
Tasks,TaskMatchSuggestion,Tasks,CrossBuy.Models.Context.Tasks,CrossBuy/Models/Context/Tasks/TaskMatchSuggestion.cs,,ID,CompanyId,,,True,False,False,False,True,8
Tasks,TimesheetEntry,Tasks,CrossBuy.Models.Context.Tasks,CrossBuy/Models/Context/Tasks/TimesheetEntry.cs,,ID,CompanyId,,,True,False,False,False,False,13
