controller,action,http_method,is_api,authorization,permission_attributes,in_body_authority,in_body_chain,authentication_only,antiforgery,lane_guard,environment_gate,anonymous,unsupported_helpers,file,line
"AccountController","ChangePassword","POST","False","None","","","","True","True","False","False","False","","CrossBuy/Controllers/AccountController.cs","293"
"AccountController","Login","POST","False","None","","","","False","False","False","False","False","","CrossBuy/Controllers/AccountController.cs","100"
"AccountingApiController","CreateCustomer","POST","True","InBody","","IAccountingApiAuthorization.AuthorizeAsync","CreateCustomer -> IAccountingApiAuthorization.AuthorizeAsync","True","False","False","False","False","","CrossBuy/Controllers/Api/AccountingApiController.cs","359"
"AccountingApiController","CreateJournal","POST","True","InBody","","IAccountingApiAuthorization.AuthorizeAsync","CreateJournal -> IAccountingApiAuthorization.AuthorizeAsync","True","False","False","False","False","","CrossBuy/Controllers/Api/AccountingApiController.cs","221"
"AccountingApiController","CreatePayment","POST","True","InBody","","IAccountingApiAuthorization.AuthorizeAsync","CreatePayment -> IAccountingApiAuthorization.AuthorizeAsync","True","False","False","False","False","","CrossBuy/Controllers/Api/AccountingApiController.cs","455"
"AccountingApiController","CreatePurchaseInvoice","POST","True","InBody","","IAccountingApiAuthorization.AuthorizeAsync","CreatePurchaseInvoice -> IAccountingApiAuthorization.AuthorizeAsync","True","False","False","False","False","","CrossBuy/Controllers/Api/AccountingApiController.cs","440"
"AccountingApiController","CreateReceipt","POST","True","InBody","","IAccountingApiAuthorization.AuthorizeAsync","CreateReceipt -> IAccountingApiAuthorization.AuthorizeAsync","True","False","False","False","False","","CrossBuy/Controllers/Api/AccountingApiController.cs","387"
"AccountingApiController","CreateSalesInvoice","POST","True","InBody","","IAccountingApiAuthorization.AuthorizeAsync","CreateSalesInvoice -> IAccountingApiAuthorization.AuthorizeAsync","True","False","False","False","False","","CrossBuy/Controllers/Api/AccountingApiController.cs","372"
"AccountingApiController","CreateVendor","POST","True","InBody","","IAccountingApiAuthorization.AuthorizeAsync","CreateVendor -> IAccountingApiAuthorization.AuthorizeAsync","True","False","False","False","False","","CrossBuy/Controllers/Api/AccountingApiController.cs","427"
"AccountingApiController","PayrollPost","POST","True","InBody","","IAccountingApiAuthorization.AuthorizeAsync","PayrollPost -> IAccountingApiAuthorization.AuthorizeAsync","True","False","False","False","False","","CrossBuy/Controllers/Api/AccountingApiController.cs","333"
"AccountingApiController","Post","POST","True","InBody","","IAccountingApiAuthorization.AuthorizeAsync","Post -> IAccountingApiAuthorization.AuthorizeAsync","True","False","False","False","False","","CrossBuy/Controllers/Api/AccountingApiController.cs","252"
"AccountingApiController","Reverse","POST","True","InBody","","IAccountingApiAuthorization.AuthorizeAsync","Reverse -> IAccountingApiAuthorization.AuthorizeAsync","True","False","False","False","False","","CrossBuy/Controllers/Api/AccountingApiController.cs","267"
"AccountingController","AssignAccRole","POST","False","ActionAttribute","AccPerm","","","True","True","False","False","False","","CrossBuy/Controllers/AccountingController.cs","1719"
"AccountingController","CloseYear","POST","False","ActionAttribute","AccPerm","","","True","True","False","False","False","","CrossBuy/Controllers/AccountingController.cs","1683"
"AccountingController","CreateAccount","POST","False","ActionAttribute","AccPerm","","","True","True","False","False","False","","CrossBuy/Controllers/AccountingController.cs","209"
"AccountingController","CreateAssetCategory","POST","False","ActionAttribute","AccPerm","","","True","True","False","False","False","","CrossBuy/Controllers/AccountingController.cs","1535"
"AccountingController","CreateBankAccount","POST","False","ActionAttribute","AccPerm","","","True","True","False","False","False","","CrossBuy/Controllers/AccountingController.cs","1365"
"AccountingController","CreateCashBox","POST","False","ActionAttribute","AccPerm","","","True","True","False","False","False","","CrossBuy/Controllers/AccountingController.cs","1381"
"AccountingController","CreateFixedAsset","POST","False","ActionAttribute","AccPerm","","","True","True","False","False","False","","CrossBuy/Controllers/AccountingController.cs","1456"
"AccountingController","CreateInvoiceFromReceipt","POST","False","ActionAttribute","AccPerm","","","True","True","False","False","False","","CrossBuy/Controllers/AccountingController.cs","1193"
"AccountingController","CreateJournal","POST","False","ActionAttribute","AccPerm","","","True","True","False","False","False","","CrossBuy/Controllers/AccountingController.cs","409"
"AccountingController","CreatePayment","POST","False","ActionAttribute","AccPerm","","","True","True","False","False","False","","CrossBuy/Controllers/AccountingController.cs","1338"
"AccountingController","CreatePurchaseInvoice","POST","False","ActionAttribute","AccPerm","","","True","True","False","False","False","","CrossBuy/Controllers/AccountingController.cs","1161"
"AccountingController","CreatePurchaseReturn","POST","False","ActionAttribute","AccPerm","","","True","True","False","False","False","","CrossBuy/Controllers/AccountingController.cs","1259"
"AccountingController","CreateReceipt","POST","False","ActionAttribute","AccPerm","","","True","True","False","False","False","","CrossBuy/Controllers/AccountingController.cs","1016"
"AccountingController","CreateSalesInvoice","POST","False","ActionAttribute","AccPerm","","","True","True","False","False","False","","CrossBuy/Controllers/AccountingController.cs","839"
"AccountingController","CreateSalesReturn","POST","False","ActionAttribute","AccPerm","","","True","True","False","False","False","","CrossBuy/Controllers/AccountingController.cs","941"
"AccountingController","CreateTaxCode","POST","False","ActionAttribute","AccPerm","","","True","True","False","False","False","","CrossBuy/Controllers/AccountingController.cs","1572"
"AccountingController","CustomerQuickAdd","POST","False","ActionAttribute","ApiPerm","","","True","True","False","False","False","","CrossBuy/Controllers/AccountingController.cs","1107"
"AccountingController","DeleteMaintenanceSchedule","POST","False","ActionAttribute","AccPerm","","","True","True","False","False","False","","CrossBuy/Controllers/AccountingController.cs","1495"
"AccountingController","DeletePayrollBracket","POST","False","ActionAttribute","AccPerm","","","True","True","False","False","False","","CrossBuy/Controllers/AccountingController.cs","618"
"AccountingController","DisbursePayroll","POST","False","ActionAttribute","AccPerm","","","True","True","False","False","False","","CrossBuy/Controllers/AccountingController.cs","565"
"AccountingController","DisposeAsset","POST","False","ActionAttribute","AccPerm","","","True","True","False","False","False","","CrossBuy/Controllers/AccountingController.cs","1519"
"AccountingController","DoReconcile","POST","False","ActionAttribute","AccPerm","","","True","True","False","False","False","","CrossBuy/Controllers/AccountingController.cs","1421"
"AccountingController","DoTransfer","POST","False","ActionAttribute","AccPerm","","","True","True","False","False","False","","CrossBuy/Controllers/AccountingController.cs","1397"
"AccountingController","EditAccount","POST","False","ActionAttribute","AccPerm","","","True","True","False","False","False","","CrossBuy/Controllers/AccountingController.cs","218"
"AccountingController","FileVatReturn","POST","False","ActionAttribute","AccPerm","","","True","True","False","False","False","","CrossBuy/Controllers/AccountingController.cs","1606"
"AccountingController","InvoiceConversationAdd","POST","False","InBody","","AccountingAccessService.CanAsync","InvoiceConversationAdd -> ConversationGateAsync -> AccountingAccessService.CanAsync","True","True","False","False","False","","CrossBuy/Controllers/AccountingController.cs","1931"
"AccountingController","LogMaintenance","POST","False","ActionAttribute","AccPerm","","","True","True","False","False","False","","CrossBuy/Controllers/AccountingController.cs","1503"
"AccountingController","PostJournal","POST","False","ActionAttribute","AccPerm","","","True","True","False","False","False","","CrossBuy/Controllers/AccountingController.cs","457"
"AccountingController","PostPayroll","POST","False","ActionAttribute","AccPerm","","","True","True","False","False","False","","CrossBuy/Controllers/AccountingController.cs","544"
"AccountingController","RemitStatutory","POST","False","ActionAttribute","AccPerm","","","True","True","False","False","False","","CrossBuy/Controllers/AccountingController.cs","573"
"AccountingController","RemoveAccRole","POST","False","ActionAttribute","AccPerm","","","True","True","False","False","False","","CrossBuy/Controllers/AccountingController.cs","1745"
"AccountingController","ReopenYear","POST","False","ActionAttribute","AccPerm","","","True","True","False","False","False","","CrossBuy/Controllers/AccountingController.cs","1692"
"AccountingController","ReverseJournal","POST","False","ActionAttribute","AccPerm","","","True","True","False","False","False","","CrossBuy/Controllers/AccountingController.cs","481"
"AccountingController","RunDepreciation","POST","False","ActionAttribute","AccPerm","","","True","True","False","False","False","","CrossBuy/Controllers/AccountingController.cs","1547"
"AccountingController","SaveAccSettings","POST","False","ActionAttribute","AccPerm","","","True","True","False","False","False","","CrossBuy/Controllers/AccountingController.cs","1734"
"AccountingController","SaveCustomer","POST","False","ActionAttribute","AccPerm","","","True","True","False","False","False","","CrossBuy/Controllers/AccountingController.cs","777"
"AccountingController","SaveMaintenanceSchedule","POST","False","ActionAttribute","AccPerm","","","True","True","False","False","False","","CrossBuy/Controllers/AccountingController.cs","1487"
"AccountingController","SavePayrollBracket","POST","False","ActionAttribute","AccPerm","","","True","True","False","False","False","","CrossBuy/Controllers/AccountingController.cs","606"
"AccountingController","SavePayrollSettings","POST","False","ActionAttribute","AccPerm","","","True","True","False","False","False","","CrossBuy/Controllers/AccountingController.cs","591"
"AccountingController","SaveVendor","POST","False","ActionAttribute","AccPerm","","","True","True","False","False","False","","CrossBuy/Controllers/AccountingController.cs","1069"
"AccountingController","SetPeriodStatus","POST","False","ActionAttribute","AccPerm","","","True","True","False","False","False","","CrossBuy/Controllers/AccountingController.cs","522"
"AccountingController","SettleVatReturn","POST","False","ActionAttribute","AccPerm","","","True","True","False","False","False","","CrossBuy/Controllers/AccountingController.cs","1623"
"AccountingController","StampInvoiceCustomer","POST","False","ActionAttribute","AccPerm","","","True","True","False","False","False","","CrossBuy/Controllers/AccountingController.cs","300"
"AccountingController","ToggleTaxCode","POST","False","ActionAttribute","AccPerm","","","True","True","False","False","False","","CrossBuy/Controllers/AccountingController.cs","1590"
"AccountingController","UpdatePurchaseInvoice","POST","False","ActionAttribute","AccPerm","","","True","True","False","False","False","","CrossBuy/Controllers/AccountingController.cs","1228"
"AccountingController","UpdatePurchaseReturn","POST","False","ActionAttribute","AccPerm","","","True","True","False","False","False","","CrossBuy/Controllers/AccountingController.cs","1286"
"AccountingController","UpdateSalesInvoice","POST","False","ActionAttribute","AccPerm","","","True","True","False","False","False","","CrossBuy/Controllers/AccountingController.cs","884"
"AccountingController","UpdateSalesReturn","POST","False","ActionAttribute","AccPerm","","","True","True","False","False","False","","CrossBuy/Controllers/AccountingController.cs","969"
"AccountingController","UpdateTaxCode","POST","False","ActionAttribute","AccPerm","","","True","True","False","False","False","","CrossBuy/Controllers/AccountingController.cs","1581"
"AccountingController","VendorQuickAdd","POST","False","ActionAttribute","ApiPerm","","","True","True","False","False","False","","CrossBuy/Controllers/AccountingController.cs","1089"
"AdminController","AddAttachments","POST","False","None","","","","False","True","False","False","False","","CrossBuy/Controllers/AdminController.cs","224"
"AdminController","AddHierarchicalItem","POST","False","None","","","","False","False","False","False","False","","CrossBuy/Controllers/AdminController.cs","616"
"AdminController","AdministrativeBodiesCompany","POST","False","None","","","","False","False","False","False","False","","CrossBuy/Controllers/AdminController.cs","565"
"AdminController","ChangeApplicationStage","POST","False","None","","","","False","True","False","False","False","","CrossBuy/Controllers/AdminController.Recruitment.cs","85"
"AdminController","CreateAppraisal","POST","False","None","","","","False","False","False","False","False","","CrossBuy/Controllers/AdminController.Appraisals.cs","86"
"AdminController","DeleteApplicationDoc","POST","False","None","","","","False","True","False","False","False","","CrossBuy/Controllers/AdminController.Recruitment.cs","103"
"AdminController","DeleteAppraisalTemplate","POST","False","None","","","","False","False","False","False","False","","CrossBuy/Controllers/AdminController.Appraisals.cs","78"
"AdminController","DeleteAttachment","POST","False","None","","","","False","True","False","False","False","","CrossBuy/Controllers/AdminController.cs","233"
"AdminController","DeleteContract","POST","False","None","","","","False","True","False","False","False","","CrossBuy/Controllers/AdminController.cs","252"
"AdminController","DeleteDocument","POST","False","None","","","","False","True","False","False","False","","CrossBuy/Controllers/AdminController.cs","271"
"AdminController","DeleteHoliday","POST","False","None","","","","False","True","False","False","False","","CrossBuy/Controllers/AdminController.cs","55"
"AdminController","DeleteRequiredDocType","POST","False","None","","","","False","False","False","False","False","","CrossBuy/Controllers/AdminController.Recruitment.cs","142"
"AdminController","DeleteTrainingCourse","POST","False","None","","","","False","False","False","False","False","","CrossBuy/Controllers/AdminController.Training.cs","38"
"AdminController","Encash","POST","False","InBody","","IHrAccessService.CanAsync","Encash -> HrGateAsync -> IHrAccessService.CanAsync","False","True","False","False","False","","CrossBuy/Controllers/AdminController.cs","319"
"AdminController","EnrollEmployees","POST","False","None","","","","False","False","False","False","False","","CrossBuy/Controllers/AdminController.Training.cs","64"
"AdminController","JobTitle","POST","False","None","","","","False","False","False","False","False","","CrossBuy/Controllers/AdminController.cs","531"
"AdminController","MoveApplication","POST","False","None","","","","False","True","False","False","False","","CrossBuy/Controllers/AdminController.Recruitment.cs","60"
"AdminController","NotifyExpiring","POST","False","None","","","","False","True","False","False","False","","CrossBuy/Controllers/AdminController.cs","288"
"AdminController","PostFinalSettlement","POST","False","InBody","","IHrAccessService.CanAsync","PostFinalSettlement -> HrGateAsync -> IHrAccessService.CanAsync","False","True","False","False","False","","CrossBuy/Controllers/AdminController.cs","122"
"AdminController","PostLeaveProvision","POST","False","InBody","","IHrAccessService.CanAsync","PostLeaveProvision -> HrGateAsync -> IHrAccessService.CanAsync","False","True","False","False","False","","CrossBuy/Controllers/AdminController.cs","353"
"AdminController","RemoveEnrollment","POST","False","None","","","","False","False","False","False","False","","CrossBuy/Controllers/AdminController.Training.cs","80"
"AdminController","RunLeaveCarryOver","POST","False","InBody","","IHrAccessService.CanAsync","RunLeaveCarryOver -> HrGateAsync -> IHrAccessService.CanAsync","False","True","False","False","False","","CrossBuy/Controllers/AdminController.cs","341"
"AdminController","SaveApplication","POST","False","None","","","","False","True","False","False","False","","CrossBuy/Controllers/AdminController.Recruitment.cs","42"
"AdminController","SaveAppraisalCycle","POST","False","None","","","","False","False","False","False","False","","CrossBuy/Controllers/AdminController.Appraisals.cs","37"
"AdminController","SaveAppraisalScores","POST","False","None","","","","False","False","False","False","False","","CrossBuy/Controllers/AdminController.Appraisals.cs","106"
"AdminController","SaveAppraisalTemplate","POST","False","None","","","","False","False","False","False","False","","CrossBuy/Controllers/AdminController.Appraisals.cs","67"
"AdminController","SaveAttendance","POST","False","None","","","","False","True","False","False","False","","CrossBuy/Controllers/AdminController.cs","90"
"AdminController","SaveAttendancePolicy","POST","False","None","","","","False","True","False","False","False","","CrossBuy/Controllers/AdminController.cs","848"
"AdminController","SaveContract","POST","False","None","","","","False","True","False","False","False","","CrossBuy/Controllers/AdminController.cs","242"
"AdminController","SaveDocument","POST","False","None","","","","False","True","False","False","False","","CrossBuy/Controllers/AdminController.cs","261"
"AdminController","SaveEmployee","POST","False","None","","","","False","True","False","False","False","","CrossBuy/Controllers/AdminController.cs","986"
"AdminController","SaveHoliday","POST","False","None","","","","False","True","False","False","False","","CrossBuy/Controllers/AdminController.cs","46"
"AdminController","SaveLeavePolicy","POST","False","None","","","","False","True","False","False","False","","CrossBuy/Controllers/AdminController.cs","662"
"AdminController","SaveLeaveType","POST","False","None","","","","False","False","False","False","False","","CrossBuy/Controllers/AdminController.cs","708"
"AdminController","SaveLeaveTypeEncashable","POST","False","None","","","","False","True","False","False","False","","CrossBuy/Controllers/AdminController.cs","365"
"AdminController","SaveMainPolices","POST","False","None","","","","False","True","False","False","False","","CrossBuy/Controllers/AdminController.cs","801"
"AdminController","SaveRequiredDocType","POST","False","None","","","","False","False","False","False","False","","CrossBuy/Controllers/AdminController.Recruitment.cs","118"
"AdminController","SaveSalaryPolicy","POST","False","ActionAttribute","ApiPerm","","","False","True","False","False","False","","CrossBuy/Controllers/AdminController.cs","769"
"AdminController","SaveTrainingCourse","POST","False","None","","","","False","False","False","False","False","","CrossBuy/Controllers/AdminController.Training.cs","29"
"AdminController","SetAppraisalCycleStatus","POST","False","None","","","","False","False","False","False","False","","CrossBuy/Controllers/AdminController.Appraisals.cs","45"
"AdminController","SetEnrollmentStatus","POST","False","None","","","","False","False","False","False","False","","CrossBuy/Controllers/AdminController.Training.cs","72"
"AdminController","UploadApplicationDoc","POST","False","None","","","","False","True","False","False","False","","CrossBuy/Controllers/AdminController.Recruitment.cs","94"
"AiController","AnomalyJournalScan","POST","True","None","","","","True","False","False","False","False","","CrossBuy/Controllers/Api/AiController.cs","139"
"AiController","Diag","POST","True","None","","","","True","False","False","True","False","","CrossBuy/Controllers/Api/AiController.cs","198"
"AiController","ForecastCashflow","POST","True","None","","","","True","False","False","False","False","","CrossBuy/Controllers/Api/AiController.cs","150"
"AiController","InventoryAnalyze","POST","True","None","","","","True","False","False","False","False","","CrossBuy/Controllers/Api/AiController.cs","161"
"AnnouncementsController","Create","POST","False","None","","","","True","False","False","False","False","","CrossBuy/Controllers/AnnouncementsController.cs","42"
"AnnouncementsController","Dismiss","POST","False","None","","","","True","False","False","False","False","","CrossBuy/Controllers/AnnouncementsController.cs","58"
"AnnouncementsController","Toggle","POST","False","None","","","","True","False","False","False","False","","CrossBuy/Controllers/AnnouncementsController.cs","66"
"AuthApiController","Login","POST","True","None","","","","False","False","False","False","False","","CrossBuy/Controllers/Api/AuthApiController.cs","36"
"BrandController","ActivateDefaultBrand","POST","False","None","","","","True","True","False","False","False","","CrossBuy/Controllers/BrandController.cs","54"
"BrandController","DeleteBrand","POST","False","None","","","","True","True","False","False","False","","CrossBuy/Controllers/BrandController.cs","46"
"BrandController","SaveBrand","POST","False","None","","","","True","True","False","False","False","","CrossBuy/Controllers/BrandController.cs","37"
"BusinessEventMonitorController","Retry","POST","False","InheritedAttribute","PlatformOps","","","True","True","False","False","False","","CrossBuy/Controllers/BusinessEventMonitorController.cs","131"
"CalendarController","Delete","POST","False","None","","","","True","True","False","False","False","","CrossBuy/Controllers/CalendarController.cs","138"
"CalendarController","Save","POST","False","None","","","","True","True","False","False","False","","CrossBuy/Controllers/CalendarController.cs","94"
"CalendarController","SaveSchedule","POST","False","InBody","","ICalendarAccessService.CanEventAsync","SaveSchedule -> ICalendarAccessService.CanEventAsync","True","True","False","False","False","","CrossBuy/Controllers/CalendarController.cs","287"
"ChatController","AddMember","POST","False","None","","","","True","False","False","False","False","","CrossBuy/Controllers/ChatController.cs","174"
"ChatController","CreateGroup","POST","False","None","","","","True","False","False","False","False","","CrossBuy/Controllers/ChatController.cs","110"
"ChatController","Delete","POST","False","None","","","","True","False","False","False","False","","CrossBuy/Controllers/ChatController.cs","150"
"ChatController","Edit","POST","False","None","","","","True","False","False","False","False","","CrossBuy/Controllers/ChatController.cs","143"
"ChatController","MarkRead","POST","False","None","","","","True","False","False","False","False","","CrossBuy/Controllers/ChatController.cs","165"
"ChatController","React","POST","False","None","","","","True","False","False","False","False","","CrossBuy/Controllers/ChatController.cs","157"
"ChatController","RemoveMember","POST","False","None","","","","True","False","False","False","False","","CrossBuy/Controllers/ChatController.cs","182"
"ChatController","Send","POST","False","None","","","","True","False","False","False","False","","CrossBuy/Controllers/ChatController.cs","122"
"ChatController","StartDirect","POST","False","None","","","","True","False","False","False","False","","CrossBuy/Controllers/ChatController.cs","102"
"CommController","Resend","POST","False","None","","","","True","True","False","False","False","","CrossBuy/Controllers/CommController.cs","176"
"CommController","Send","POST","False","None","","","","True","True","False","False","False","","CrossBuy/Controllers/CommController.cs","95"
"CommController","Star","POST","False","None","","","","True","False","False","False","False","","CrossBuy/Controllers/CommController.cs","167"
"CommController","Trash","POST","False","None","","","","True","True","False","False","False","","CrossBuy/Controllers/CommController.cs","159"
"CommentsController","Add","POST","False","None","","","","True","False","False","False","False","","CrossBuy/Controllers/CommentsController.cs","39"
"CommentsController","Delete","POST","False","None","","","","True","False","False","False","False","","CrossBuy/Controllers/CommentsController.cs","59"
"CrmController","AddCampaignMember","POST","False","ActionAttribute","CrmPerm","","","True","True","False","False","False","","CrossBuy/Controllers/CrmController.cs","312"
"CrmController","AddListMember","POST","False","ActionAttribute","CrmPerm","","","True","True","False","False","False","","CrossBuy/Controllers/CrmController.cs","393"
"CrmController","AddListToCampaign","POST","False","ActionAttribute","CrmPerm","","","True","True","False","False","False","","CrossBuy/Controllers/CrmController.cs","320"
"CrmController","AssignCrmRole","POST","False","ActionAttribute","CrmPerm","","","True","True","False","False","False","","CrossBuy/Controllers/CrmController.cs","1012"
"CrmController","ConvertLead","POST","False","ActionAttribute","CrmPerm","","","True","True","False","False","False","","CrossBuy/Controllers/CrmController.cs","544"
"CrmController","ConvertOpportunityToQuotation","POST","False","ActionAttribute","CrmPerm","","","True","True","False","False","False","","CrossBuy/Controllers/CrmController.cs","953"
"CrmController","DeleteAutomationRule","POST","False","ActionAttribute","CrmPerm","","","True","True","False","False","False","","CrossBuy/Controllers/CrmController.cs","101"
"CrmController","DeleteContact","POST","False","ActionAttribute","CrmPerm","","","True","True","False","False","False","","CrossBuy/Controllers/CrmController.cs","238"
"CrmController","DeleteCustomField","POST","False","ActionAttribute","CrmPerm","","","True","True","False","False","False","","CrossBuy/Controllers/CrmController.cs","76"
"CrmController","MoveOpportunity","POST","False","ActionAttribute","CrmPerm","","","True","True","False","False","False","","CrossBuy/Controllers/CrmController.cs","911"
"CrmController","RecomputeScores","POST","False","ActionAttribute","CrmPerm","","","True","True","False","False","False","","CrossBuy/Controllers/CrmController.cs","496"
"CrmController","RemoveCampaignMember","POST","False","ActionAttribute","CrmPerm","","","True","True","False","False","False","","CrossBuy/Controllers/CrmController.cs","335"
"CrmController","RemoveCrmRole","POST","False","ActionAttribute","CrmPerm","","","True","True","False","False","False","","CrossBuy/Controllers/CrmController.cs","1023"
"CrmController","RemoveListMember","POST","False","ActionAttribute","CrmPerm","","","True","True","False","False","False","","CrossBuy/Controllers/CrmController.cs","401"
"CrmController","SaveAccount","POST","False","ActionAttribute","CrmPerm","","","True","True","False","False","False","","CrossBuy/Controllers/CrmController.cs","222"
"CrmController","SaveActivity","POST","False","ActionAttribute","CrmPerm","","","True","True","False","False","False","","CrossBuy/Controllers/CrmController.cs","971"
"CrmController","SaveAutomationRule","POST","False","ActionAttribute","CrmPerm","","","True","True","False","False","False","","CrossBuy/Controllers/CrmController.cs","93"
"CrmController","SaveCampaign","POST","False","ActionAttribute","CrmPerm","","","True","True","False","False","False","","CrossBuy/Controllers/CrmController.cs","288"
"CrmController","SaveContact","POST","False","ActionAttribute","CrmPerm","","","True","True","False","False","False","","CrossBuy/Controllers/CrmController.cs","230"
"CrmController","SaveCrmSettings","POST","False","ActionAttribute","CrmPerm","","","True","True","False","False","False","","CrossBuy/Controllers/CrmController.cs","488"
"CrmController","SaveCustomField","POST","False","ActionAttribute","CrmPerm","","","True","True","False","False","False","","CrossBuy/Controllers/CrmController.cs","68"
"CrmController","SaveLead","POST","False","ActionAttribute","CrmPerm","","","True","True","False","False","False","","CrossBuy/Controllers/CrmController.cs","528"
"CrmController","SaveList","POST","False","ActionAttribute","CrmPerm","","","True","True","False","False","False","","CrossBuy/Controllers/CrmController.cs","385"
"CrmController","SaveOpportunity","POST","False","ActionAttribute","CrmPerm","","","True","True","False","False","False","","CrossBuy/Controllers/CrmController.cs","923"
"CrmController","SaveOpportunityProducts","POST","False","ActionAttribute","CrmPerm","","","True","True","False","False","False","","CrossBuy/Controllers/CrmController.cs","943"
"CrmController","SavePipeline","POST","False","ActionAttribute","CrmPerm","","","True","True","False","False","False","","CrossBuy/Controllers/CrmController.cs","901"
"CrmController","SaveScoringRule","POST","False","ActionAttribute","CrmPerm","","","True","True","False","False","False","","CrossBuy/Controllers/CrmController.cs","479"
"CrmController","SaveSlaPolicy","POST","False","ActionAttribute","CrmPerm","","","True","True","False","False","False","","CrossBuy/Controllers/CrmController.cs","461"
"CrmController","SaveTicket","POST","False","ActionAttribute","CrmPerm","","","True","True","False","False","False","","CrossBuy/Controllers/CrmController.cs","437"
"CrmController","ToggleActivity","POST","False","ActionAttribute","CrmPerm","","","True","True","False","False","False","","CrossBuy/Controllers/CrmController.cs","991"
"CrmController","UpdateMemberStatus","POST","False","ActionAttribute","CrmPerm","","","True","True","False","False","False","","CrossBuy/Controllers/CrmController.cs","328"
"CrmController","UpdateTicketStatus","POST","False","ActionAttribute","CrmPerm","","","True","True","False","False","False","","CrossBuy/Controllers/CrmController.cs","446"
"CurrencyController","PostRevaluation","POST","False","ActionAttribute","AccPerm","","","True","True","False","False","False","","CrossBuy/Controllers/CurrencyController.cs","142"
"CurrencyController","SaveCurrency","POST","False","ActionAttribute","AccPerm","","","True","True","False","False","False","","CrossBuy/Controllers/CurrencyController.cs","37"
"CurrencyController","SaveExchangeRate","POST","False","ActionAttribute","AccPerm","","","True","True","False","False","False","","CrossBuy/Controllers/CurrencyController.cs","78"
"CurrencyController","SetBranchCurrency","POST","False","ActionAttribute","AccPerm","","","True","True","False","False","False","","CrossBuy/Controllers/CurrencyController.cs","117"
"CurrencyController","SetCompanyCurrency","POST","False","ActionAttribute","AccPerm","","","True","True","False","False","False","","CrossBuy/Controllers/CurrencyController.cs","105"
"FileManagerController","CreateFolder","POST","False","None","","","","True","True","False","False","False","","CrossBuy/Controllers/FileManagerController.cs","57"
"FileManagerController","Delete","POST","False","None","","","","True","True","False","False","False","","CrossBuy/Controllers/FileManagerController.cs","85"
"FileManagerController","Move","POST","False","None","","","","True","True","False","False","False","","CrossBuy/Controllers/FileManagerController.cs","75"
"FileManagerController","Rename","POST","False","None","","","","True","True","False","False","False","","CrossBuy/Controllers/FileManagerController.cs","66"
"FileManagerController","Upload","POST","False","None","","","","True","True","False","False","False","","CrossBuy/Controllers/FileManagerController.cs","95"
"HrApiController","CreateJobTitle","POST","True","None","","","","True","False","False","False","False","","CrossBuy/Controllers/Api/HrApiController.cs","59"
"HrApiController","UpdateJobTitle","PUT","True","None","","","","True","False","False","False","False","","CrossBuy/Controllers/Api/HrApiController.cs","70"
"HyperPosController","AttachCustomer","POST","False","InBody","","IPosAccessService.CanSell","AttachCustomer -> IPosAccessService.CanSell","False","True","True","False","False","","CrossBuy/Controllers/HyperPosController.cs","461"
"HyperPosController","CustomerAdd","POST","False","InBody","","IPosAccessService.CanSell","CustomerAdd -> IPosAccessService.CanSell","False","True","True","False","False","","CrossBuy/Controllers/HyperPosController.cs","443"
"HyperPosController","Login","POST","False","InBody","","IPosAccessService.ResolveByUserIdAsync","Login -> IPosAccessService.ResolveByUserIdAsync","False","True","True","False","True","","CrossBuy/Controllers/HyperPosController.cs","83"
"HyperPosController","Pay","POST","False","InBody","","IPosAccessService.CanSell","Pay -> IPosAccessService.CanSell","False","True","True","False","False","","CrossBuy/Controllers/HyperPosController.cs","295"
"HyperPosController","PriceCheck","POST","False","None","","","","False","True","True","False","False","","CrossBuy/Controllers/HyperPosController.cs","492"
"HyperPosController","RemoveLine","POST","False","InBody","","IPosAccessService.CanSell","RemoveLine -> IPosAccessService.CanSell","False","True","True","False","False","","CrossBuy/Controllers/HyperPosController.cs","282"
"HyperPosController","Scan","POST","False","InBody","","IPosAccessService.CanSell","Scan -> IPosAccessService.CanSell","False","True","True","False","False","","CrossBuy/Controllers/HyperPosController.cs","202"
"HyperPosController","SetQty","POST","False","InBody","","IPosAccessService.CanSell","SetQty -> IPosAccessService.CanSell","False","True","True","False","False","","CrossBuy/Controllers/HyperPosController.cs","272"
"HyperPosController","ShiftClose","POST","False","InBody","","IPosAccessService.CanSell","ShiftClose -> IPosAccessService.CanSell","False","True","True","False","False","","CrossBuy/Controllers/HyperPosController.cs","176"
"HyperPosController","StampInvoiceCustomer","POST","False","InBody","","IPosAccessService.CanSell","StampInvoiceCustomer -> IPosAccessService.CanSell","False","True","True","False","False","","CrossBuy/Controllers/HyperPosController.cs","369"
"HyperPosController","Start","POST","False","None","","","","False","True","True","False","False","","CrossBuy/Controllers/HyperPosController.cs","127"
"InsightActionsController","CreateTask","POST","False","InBody","","IInventoryAccessService.CanAsync","CreateTask -> AuthoriseAsync -> IInventoryAccessService.CanAsync","True","True","False","False","False","","CrossBuy/Controllers/InsightActionsController.cs","101"
"InventoryController","AddPlanDemand","POST","False","ActionAttribute","InvPerm","","","True","True","False","False","False","","CrossBuy/Controllers/InventoryController.cs","1434"
"InventoryController","AddWorkOrderLabor","POST","False","ActionAttribute","InvPerm","","","True","True","False","False","False","","CrossBuy/Controllers/InventoryController.cs","1287"
"InventoryController","ApproveDoc","POST","False","ActionAttribute","InvPerm","","","True","True","False","False","False","","CrossBuy/Controllers/InventoryController.cs","2390"
"InventoryController","AssignRole","POST","False","ActionAttribute","InvPerm","","","True","True","False","False","False","","CrossBuy/Controllers/InventoryController.cs","2426"
"InventoryController","BulkExecute","POST","False","ActionAttribute","InvPerm","","","True","True","False","False","False","","CrossBuy/Controllers/InventoryController.cs","865"
"InventoryController","BulkPreview","POST","False","ActionAttribute","InvPerm","","","True","True","False","False","False","","CrossBuy/Controllers/InventoryController.cs","856"
"InventoryController","BulkUndo","POST","False","ActionAttribute","InvPerm","","","True","True","False","False","False","","CrossBuy/Controllers/InventoryController.cs","876"
"InventoryController","CancelWorkOrder","POST","False","ActionAttribute","InvPerm","","","True","True","False","False","False","","CrossBuy/Controllers/InventoryController.cs","1323"
"InventoryController","CompleteWorkOrder","POST","False","ActionAttribute","InvPerm","","","True","True","False","False","False","","CrossBuy/Controllers/InventoryController.cs","1331"
"InventoryController","ConvertPoToInvoice","POST","False","ActionAttribute","InvPerm","","","True","True","False","False","False","","CrossBuy/Controllers/InventoryController.cs","1589"
"InventoryController","ConvertQuoteToOrder","POST","False","ActionAttribute","InvPerm","","","True","True","False","False","False","","CrossBuy/Controllers/InventoryController.cs","1793"
"InventoryController","ConvertSoToInvoice","POST","False","ActionAttribute","InvPerm","","","True","True","False","False","False","","CrossBuy/Controllers/InventoryController.cs","1803"
"InventoryController","CopyPriceList","POST","False","ActionAttribute","InvPerm","","","True","True","False","False","False","","CrossBuy/Controllers/InventoryController.cs","818"
"InventoryController","CreateCategory","POST","False","ActionAttribute","InvPerm","","","True","True","False","False","False","","CrossBuy/Controllers/InventoryController.cs","166"
"InventoryController","CreateDelivery","POST","False","ActionAttribute","InvPerm","","","True","True","False","False","False","","CrossBuy/Controllers/InventoryController.cs","1842"
"InventoryController","CreateGoodsReceipt","POST","False","ActionAttribute","InvPerm","","","True","True","False","False","False","","CrossBuy/Controllers/InventoryController.cs","1631"
"InventoryController","CreateItem","POST","False","ActionAttribute","InvPerm","","","True","True","False","False","False","","CrossBuy/Controllers/InventoryController.cs","301"
"InventoryController","CreateLandedCost","POST","False","ActionAttribute","InvPerm","","","True","True","False","False","False","","CrossBuy/Controllers/InventoryController.cs","2500"
"InventoryController","CreatePlan","POST","False","ActionAttribute","InvPerm","","","True","True","False","False","False","","CrossBuy/Controllers/InventoryController.cs","1403"
"InventoryController","CreatePurchaseOrder","POST","False","ActionAttribute","InvPerm","","","True","True","False","False","False","","CrossBuy/Controllers/InventoryController.cs","1569"
"InventoryController","CreateQuotation","POST","False","ActionAttribute","InvPerm","","","True","True","False","False","False","","CrossBuy/Controllers/InventoryController.cs","1759"
"InventoryController","CreateSalesOrder","POST","False","ActionAttribute","InvPerm","","","True","True","False","False","False","","CrossBuy/Controllers/InventoryController.cs","1686"
"InventoryController","CreateTransfer","POST","False","ActionAttribute","InvPerm","","","True","True","False","False","False","","CrossBuy/Controllers/InventoryController.cs","1869"
"InventoryController","CreateUnit","POST","False","ActionAttribute","InvPerm","","","True","True","False","False","False","","CrossBuy/Controllers/InventoryController.cs","127"
"InventoryController","CreateWarehouse","POST","False","ActionAttribute","InvPerm","","","True","True","False","False","False","","CrossBuy/Controllers/InventoryController.cs","370"
"InventoryController","CreateWorkOrder","POST","False","ActionAttribute","InvPerm","","","True","True","False","False","False","","CrossBuy/Controllers/InventoryController.cs","1248"
"InventoryController","CreateWriteOff","POST","False","ActionAttribute","InvPerm","","","True","True","False","False","False","","CrossBuy/Controllers/InventoryController.cs","1971"
"InventoryController","DeleteBinLocation","POST","False","ActionAttribute","InvPerm","","","True","True","False","False","False","","CrossBuy/Controllers/InventoryController.cs","430"
"InventoryController","DeletePlan","POST","False","ActionAttribute","InvPerm","","","True","True","False","False","False","","CrossBuy/Controllers/InventoryController.cs","1411"
"InventoryController","DeletePriceList","POST","False","ActionAttribute","InvPerm","","","True","True","False","False","False","","CrossBuy/Controllers/InventoryController.cs","837"
"InventoryController","DeletePromotion","POST","False","ActionAttribute","InvPerm","","","True","True","False","False","False","","CrossBuy/Controllers/InventoryController.cs","971"
"InventoryController","DeleteRoutingOp","POST","False","ActionAttribute","InvPerm","","","True","True","False","False","False","","CrossBuy/Controllers/InventoryController.cs","1388"
"InventoryController","DoCapitalizeAsset","POST","False","ActionAttribute","InvPerm","","","True","True","False","False","False","","CrossBuy/Controllers/InventoryController.cs","2255"
"InventoryController","EditCategory","POST","False","ActionAttribute","InvPerm","","","True","True","False","False","False","","CrossBuy/Controllers/InventoryController.cs","178"
"InventoryController","EditItem","POST","False","ActionAttribute","InvPerm","","","True","True","False","False","False","","CrossBuy/Controllers/InventoryController.cs","334"
"InventoryController","EditWarehouse","POST","False","ActionAttribute","InvPerm","","","True","True","False","False","False","","CrossBuy/Controllers/InventoryController.cs","403"
"InventoryController","GeneratePO","POST","False","ActionAttribute","InvPerm","","","True","True","False","False","False","","CrossBuy/Controllers/InventoryController.cs","2577"
"InventoryController","GeneratePlanWorkOrders","POST","False","ActionAttribute","InvPerm","","","True","True","False","False","False","","CrossBuy/Controllers/InventoryController.cs","1450"
"InventoryController","InitializeBinStock","POST","False","ActionAttribute","InvPerm","","","True","True","False","False","False","","CrossBuy/Controllers/InventoryController.cs","545"
"InventoryController","OpAddAp","POST","False","ActionAttribute","InvPerm","","","True","True","False","False","False","","CrossBuy/Controllers/InventoryController.cs","2194"
"InventoryController","OpAddAr","POST","False","ActionAttribute","InvPerm","","","True","True","False","False","False","","CrossBuy/Controllers/InventoryController.cs","2185"
"InventoryController","OpAddAsset","POST","False","ActionAttribute","InvPerm","","","True","True","False","False","False","","CrossBuy/Controllers/InventoryController.cs","2203"
"InventoryController","OpAddGl","POST","False","ActionAttribute","InvPerm","","","True","True","False","False","False","","CrossBuy/Controllers/InventoryController.cs","2212"
"InventoryController","OpAddStock","POST","False","ActionAttribute","InvPerm","","","True","True","False","False","False","","CrossBuy/Controllers/InventoryController.cs","2176"
"InventoryController","OpFinalize","POST","False","ActionAttribute","InvPerm","","","True","True","False","False","False","","CrossBuy/Controllers/InventoryController.cs","2223"
"InventoryController","PostAssembly","POST","False","ActionAttribute","InvPerm","","","True","True","False","False","False","","CrossBuy/Controllers/InventoryController.cs","1202"
"InventoryController","PostCount","POST","False","ActionAttribute","InvPerm","","","True","True","False","False","False","","CrossBuy/Controllers/InventoryController.cs","1926"
"InventoryController","PostMovement","POST","False","ActionAttribute","InvPerm","","","True","True","False","False","False","","CrossBuy/Controllers/InventoryController.cs","703"
"InventoryController","ProducePartial","POST","False","ActionAttribute","InvPerm","","","True","True","False","False","False","","CrossBuy/Controllers/InventoryController.cs","1340"
"InventoryController","RejectDoc","POST","False","ActionAttribute","InvPerm","","","True","True","False","False","False","","CrossBuy/Controllers/InventoryController.cs","2398"
"InventoryController","ReleaseWorkOrder","POST","False","ActionAttribute","InvPerm","","","True","True","False","False","False","","CrossBuy/Controllers/InventoryController.cs","1315"
"InventoryController","RelocateBin","POST","False","ActionAttribute","InvPerm","","","True","True","False","False","False","","CrossBuy/Controllers/InventoryController.cs","561"
"InventoryController","RemovePlanDemand","POST","False","ActionAttribute","InvPerm","","","True","True","False","False","False","","CrossBuy/Controllers/InventoryController.cs","1442"
"InventoryController","RemoveRole","POST","False","ActionAttribute","InvPerm","","","True","True","False","False","False","","CrossBuy/Controllers/InventoryController.cs","2441"
"InventoryController","RemoveWorkOrderLabor","POST","False","ActionAttribute","InvPerm","","","True","True","False","False","False","","CrossBuy/Controllers/InventoryController.cs","1299"
"InventoryController","RunIntegrity","POST","False","ActionAttribute","InvPerm","","","True","True","False","False","False","","CrossBuy/Controllers/InventoryController.cs","2239"
"InventoryController","SaveBinLocation","POST","False","ActionAttribute","InvPerm","","","True","True","False","False","False","","CrossBuy/Controllers/InventoryController.cs","421"
"InventoryController","SaveItemLocations","POST","False","ActionAttribute","InvPerm","","","True","True","False","False","False","","CrossBuy/Controllers/InventoryController.cs","461"
"InventoryController","SavePriceList","POST","False","ActionAttribute","InvPerm","","","True","True","False","False","False","","CrossBuy/Controllers/InventoryController.cs","798"
"InventoryController","SavePromotion","POST","False","ActionAttribute","InvPerm","","","True","True","False","False","False","","CrossBuy/Controllers/InventoryController.cs","949"
"InventoryController","SaveReorderSettings","POST","False","ActionAttribute","InvPerm","","","True","True","False","False","False","","CrossBuy/Controllers/InventoryController.cs","2531"
"InventoryController","SaveRoutingOp","POST","False","ActionAttribute","InvPerm","","","True","True","False","False","False","","CrossBuy/Controllers/InventoryController.cs","1379"
"InventoryController","SaveSettings","POST","False","ActionAttribute","InvPerm","","","True","True","False","False","False","","CrossBuy/Controllers/InventoryController.cs","2459"
"InventoryController","SaveWorkCenter","POST","False","ActionAttribute","InvPerm","","","True","True","False","False","False","","CrossBuy/Controllers/InventoryController.cs","1357"
"InventoryController","SaveWorkOrder","POST","False","ActionAttribute","InvPerm","","","True","True","False","False","False","","CrossBuy/Controllers/InventoryController.cs","1307"
"InventoryController","SetBinCount","POST","False","ActionAttribute","InvPerm","","","True","True","False","False","False","","CrossBuy/Controllers/InventoryController.cs","553"
"InventoryController","SetQuoteStatus","POST","False","ActionAttribute","InvPerm","","","True","True","False","False","False","","CrossBuy/Controllers/InventoryController.cs","1784"
"InventoryController","WarehouseQuickAdd","POST","False","ActionAttribute","ApiPerm","","","True","True","False","False","False","","CrossBuy/Controllers/InventoryController.cs","384"
"LeaveApiController","Create","POST","True","None","","","","True","False","False","False","False","","CrossBuy/Controllers/Api/LeaveApiController.cs","132"
"LeaveApiController","Decision","POST","True","None","","","","True","False","False","False","False","","CrossBuy/Controllers/Api/LeaveApiController.cs","169"
"NotificationsApiController","MarkAllRead","POST","True","None","","","","True","False","False","False","False","","CrossBuy/Controllers/Api/NotificationsApiController.cs","88"
"NotificationsApiController","MarkRead","POST","True","None","","","","True","False","False","False","False","","CrossBuy/Controllers/Api/NotificationsApiController.cs","75"
"NotificationsController","ToggleMute","POST","False","None","","","","True","False","False","False","False","","CrossBuy/Controllers/NotificationsController.cs","41"
"PeopleController","AcknowledgeAppraisal","POST","False","None","","","","False","True","False","False","False","","CrossBuy/Controllers/PeopleController.cs","389"
"PeopleController","CreateLeave","POST","False","None","","","","False","True","False","False","False","","CrossBuy/Controllers/PeopleController.cs","241"
"PeopleController","CreateRequest","POST","False","None","","","","False","True","False","False","False","","CrossBuy/Controllers/PeopleController.cs","315"
"PeopleController","DecideLeave","POST","False","InBody","","IHrAccessService.CanAsync","DecideLeave -> IHrAccessService.CanAsync","False","True","False","False","False","","CrossBuy/Controllers/PeopleController.cs","254"
"PeopleController","DecideRequest","POST","False","None","","","","False","True","False","False","False","","CrossBuy/Controllers/PeopleController.cs","334"
"PlatformGrantsApiController","Create","POST","True","InBody","","IPlatformGrantWriter.CreateGrantAsync","Create -> IPlatformGrantWriter.CreateGrantAsync","True","False","False","False","False","","CrossBuy/Controllers/Api/PlatformGrantsApiController.cs","91"
"PlatformGrantsApiController","Revoke","POST","True","InBody","","IPlatformGrantWriter.RevokeGrantAsync","Revoke -> IPlatformGrantWriter.RevokeGrantAsync","True","False","False","False","False","","CrossBuy/Controllers/Api/PlatformGrantsApiController.cs","113"
"PlatformGrantsApiController","UpdateValidity","POST","True","InBody","","IPlatformGrantWriter.UpdateValidityAsync","UpdateValidity -> IPlatformGrantWriter.UpdateValidityAsync","True","False","False","False","False","","CrossBuy/Controllers/Api/PlatformGrantsApiController.cs","132"
"PosAppController","AddCustomer","POST","False","None","","","","False","True","True","False","False","","CrossBuy/Controllers/PosAppController.cs","665"
"PosAppController","AddCustomerAddress","POST","False","InBody","","IPosAccessService.CanOrder","AddCustomerAddress -> IPosAccessService.CanOrder","False","True","True","False","False","","CrossBuy/Controllers/PosAppController.cs","564"
"PosAppController","AddLine","POST","False","InBody","","IPosAccessService.CanOrder","AddLine -> IPosAccessService.CanOrder","False","True","True","False","False","","CrossBuy/Controllers/PosAppController.cs","261"
"PosAppController","AddTable","POST","False","InBody","","IPosAccessService.IsManager","AddTable -> IPosAccessService.IsManager","False","True","True","False","False","","CrossBuy/Controllers/PosAppController.cs","834"
"PosAppController","AssignDriver","POST","False","InBody","","IPosAccessService.CanOrder","AssignDriver -> IPosAccessService.CanOrder","False","True","True","False","False","","CrossBuy/Controllers/PosAppController.cs","582"
"PosAppController","CreateOrder","POST","False","InBody","","IPosAccessService.CanOrder","CreateOrder -> IPosAccessService.CanOrder","False","True","True","False","False","","CrossBuy/Controllers/PosAppController.cs","202"
"PosAppController","DiscardOrder","POST","False","InBody","","IPosAccessService.CanOrder","DiscardOrder -> IPosAccessService.CanOrder","False","True","True","False","False","","CrossBuy/Controllers/PosAppController.cs","676"
"PosAppController","HoldOrder","POST","False","InBody","","IPosAccessService.CanOrder","HoldOrder -> IPosAccessService.CanOrder","False","True","True","False","False","","CrossBuy/Controllers/PosAppController.cs","720"
"PosAppController","KdsLineStatus","POST","False","InBody","","IPosAccessService.IsKitchen","KdsLineStatus -> IPosAccessService.IsKitchen","False","True","True","False","False","","CrossBuy/Controllers/PosAppController.cs","507"
"PosAppController","LoadOrder","POST","False","InBody","","IPosAccessService.CanOrder","LoadOrder -> IPosAccessService.CanOrder","False","True","True","False","False","","CrossBuy/Controllers/PosAppController.cs","752"
"PosAppController","Login","POST","False","InBody","","IPosAccessService.ResolveByUserIdAsync","Login -> IPosAccessService.ResolveByUserIdAsync","False","True","True","False","True","","CrossBuy/Controllers/PosAppController.cs","89"
"PosAppController","MergeOrder","POST","False","InBody","","IPosAccessService.CanOrder","MergeOrder -> IPosAccessService.CanOrder","False","True","True","False","False","","CrossBuy/Controllers/PosAppController.cs","703"
"PosAppController","MoveOrder","POST","False","InBody","","IPosAccessService.CanOrder","MoveOrder -> IPosAccessService.CanOrder","False","True","True","False","False","","CrossBuy/Controllers/PosAppController.cs","685"
"PosAppController","NewOrderOnTable","POST","False","InBody","","IPosAccessService.CanOrder","NewOrderOnTable -> IPosAccessService.CanOrder","False","True","True","False","False","","CrossBuy/Controllers/PosAppController.cs","253"
"PosAppController","OpenTable","POST","False","InBody","","IPosAccessService.CanOrder","OpenTable -> IPosAccessService.CanOrder","False","True","True","False","False","","CrossBuy/Controllers/PosAppController.cs","213"
"PosAppController","Pay","POST","False","InBody","","IPosAccessService.CanOrder","Pay -> IPosAccessService.CanOrder","False","True","True","False","False","","CrossBuy/Controllers/PosAppController.cs","761"
"PosAppController","PaySplitItems","POST","False","InBody","","IPosAccessService.CanOrder","PaySplitItems -> IPosAccessService.CanOrder","False","True","True","False","False","","CrossBuy/Controllers/PosAppController.cs","789"
"PosAppController","PayTenders","POST","False","InBody","","IPosAccessService.CanOrder","PayTenders -> IPosAccessService.CanOrder","False","True","True","False","False","","CrossBuy/Controllers/PosAppController.cs","773"
"PosAppController","RecallOrder","POST","False","InBody","","IPosAccessService.CanOrder","RecallOrder -> IPosAccessService.CanOrder","False","True","True","False","False","","CrossBuy/Controllers/PosAppController.cs","743"
"PosAppController","RemoveLine","POST","False","InBody","","IPosAccessService.CanOrder","RemoveLine -> IPosAccessService.CanOrder","False","True","True","False","False","","CrossBuy/Controllers/PosAppController.cs","439"
"PosAppController","ReservationArrive","POST","False","InBody","","IPosAccessService.CanOrder","ReservationArrive -> IPosAccessService.CanOrder","False","True","True","False","False","","CrossBuy/Controllers/PosAppController.cs","629"
"PosAppController","ReservationNoShow","POST","False","InBody","","IPosAccessService.CanOrder","ReservationNoShow -> IPosAccessService.CanOrder","False","True","True","False","False","","CrossBuy/Controllers/PosAppController.cs","638"
"PosAppController","ReturnLines","POST","False","InBody","","IPosAccessService.IsManager","ReturnLines -> IPosAccessService.IsManager","False","True","True","False","False","","CrossBuy/Controllers/PosAppController.cs","292"
"PosAppController","SeatOrder","POST","False","InBody","","IPosAccessService.CanOrder","SeatOrder -> IPosAccessService.CanOrder","False","True","True","False","False","","CrossBuy/Controllers/PosAppController.cs","694"
"PosAppController","SendKitchen","POST","False","InBody","","IPosAccessService.CanOrder","SendKitchen -> IPosAccessService.CanOrder","False","True","True","False","False","","CrossBuy/Controllers/PosAppController.cs","448"
"PosAppController","SetDelivery","POST","False","InBody","","IPosAccessService.CanOrder","SetDelivery -> IPosAccessService.CanOrder","False","True","True","False","False","","CrossBuy/Controllers/PosAppController.cs","542"
"PosAppController","SetDeliveryStatus","POST","False","InBody","","IPosAccessService.CanOrder","SetDeliveryStatus -> IPosAccessService.CanOrder","False","True","True","False","False","","CrossBuy/Controllers/PosAppController.cs","591"
"PosAppController","SetGuests","POST","False","InBody","","IPosAccessService.CanOrder","SetGuests -> IPosAccessService.CanOrder","False","True","True","False","False","","CrossBuy/Controllers/PosAppController.cs","533"
"PosAppController","SetOrderCustomer","POST","False","InBody","","IPosAccessService.CanOrder","SetOrderCustomer -> IPosAccessService.CanOrder","False","True","True","False","False","","CrossBuy/Controllers/PosAppController.cs","524"
"PosAppController","SetQty","POST","False","InBody","","IPosAccessService.CanOrder","SetQty -> IPosAccessService.CanOrder","False","True","True","False","False","","CrossBuy/Controllers/PosAppController.cs","431"
"PosAppController","SetTableStatus","POST","False","InBody","","IPosAccessService.CanOrder","SetTableStatus -> IPosAccessService.CanOrder","False","True","True","False","False","","CrossBuy/Controllers/PosAppController.cs","818"
"PosAppController","ShiftClose","POST","False","InBody","","IPosAccessService.CanSell","ShiftClose -> IPosAccessService.CanSell","False","True","True","False","False","","CrossBuy/Controllers/PosAppController.cs","420"
"PosAppController","Start","POST","False","None","","","","False","True","True","False","False","","CrossBuy/Controllers/PosAppController.cs","136"
"PosAppController","SyncPaidOrder","POST","False","InBody","","IPosAccessService.CanSell","SyncPaidOrder -> IPosAccessService.CanSell","False","False","True","False","False","","CrossBuy/Controllers/PosAppController.cs","355"
"PosAppController","SyncShiftClose","POST","False","InBody","","IPosAccessService.CanSell","SyncShiftClose -> IPosAccessService.CanSell","False","False","True","False","False","","CrossBuy/Controllers/PosAppController.cs","369"
"PosAppController","VoidPaid","POST","False","InBody","","IPosAccessService.IsManager","VoidPaid -> IPosAccessService.IsManager","False","True","True","False","False","","CrossBuy/Controllers/PosAppController.cs","282"
"PosController","AckSyncConflict","POST","False","None","","","","True","True","False","False","False","","CrossBuy/Controllers/PosController.cs","365"
"PosController","AddQuickItem","POST","False","None","","","","True","True","False","False","False","","CrossBuy/Controllers/PosController.cs","854"
"PosController","AddQuickItemJson","POST","False","None","","","","True","True","False","False","False","","CrossBuy/Controllers/PosController.cs","610"
"PosController","ApplyPreset","POST","False","None","","","","True","True","False","False","False","","CrossBuy/Controllers/PosController.cs","199"
"PosController","AssignPosRole","POST","False","None","","","","True","True","False","False","False","","CrossBuy/Controllers/PosController.cs","735"
"PosController","AttachModifierItemJson","POST","False","None","","","","True","True","False","False","False","","CrossBuy/Controllers/PosController.cs","667"
"PosController","CloseShift","POST","False","InBody","","PosAccessService.CanAsync","CloseShift -> PosGateAsync -> PosAccessService.CanAsync","True","True","False","False","False","","CrossBuy/Controllers/PosController.cs","798"
"PosController","CustomerQuickAdd","POST","False","ActionAttribute","ApiPerm","","","True","True","False","False","False","","CrossBuy/Controllers/PosController.cs","471"
"PosController","DeleteDeliveryZone","POST","False","None","","","","True","True","False","False","False","","CrossBuy/Controllers/PosController.cs","315"
"PosController","DeleteDiningArea","POST","False","None","","","","True","True","False","False","False","","CrossBuy/Controllers/PosController.cs","247"
"PosController","DeleteDriver","POST","False","None","","","","True","True","False","False","False","","CrossBuy/Controllers/PosController.cs","289"
"PosController","DeleteMenuGroup","POST","False","None","","","","True","True","False","False","False","","CrossBuy/Controllers/PosController.cs","846"
"PosController","DeleteModifierGroup","POST","False","None","","","","True","True","False","False","False","","CrossBuy/Controllers/PosController.cs","643"
"PosController","DeleteModifierOption","POST","False","None","","","","True","True","False","False","False","","CrossBuy/Controllers/PosController.cs","659"
"PosController","DeletePaymentMethod","POST","False","None","","","","True","True","False","False","False","","CrossBuy/Controllers/PosController.cs","706"
"PosController","DeleteStation","POST","False","None","","","","True","True","False","False","False","","CrossBuy/Controllers/PosController.cs","263"
"PosController","DeleteTable","POST","False","None","","","","True","True","False","False","False","","CrossBuy/Controllers/PosController.cs","519"
"PosController","DeleteTerminal","POST","False","None","","","","True","True","False","False","False","","CrossBuy/Controllers/PosController.cs","779"
"PosController","DetachModifierItem","POST","False","None","","","","True","True","False","False","False","","CrossBuy/Controllers/PosController.cs","674"
"PosController","OpenShift","POST","False","InBody","","PosAccessService.CanAsync","OpenShift -> PosGateAsync -> PosAccessService.CanAsync","True","True","False","False","False","","CrossBuy/Controllers/PosController.cs","787"
"PosController","PrepareFinished","POST","False","InBody","","PosAccessService.CanAsync","PrepareFinished -> PosGateAsync -> PosAccessService.CanAsync","True","True","False","False","False","","CrossBuy/Controllers/PosController.cs","374"
"PosController","PrepareSemi","POST","False","InBody","","PosAccessService.CanAsync","PrepareSemi -> PosGateAsync -> PosAccessService.CanAsync","True","True","False","False","False","","CrossBuy/Controllers/PosController.cs","386"
"PosController","RegenerateQr","POST","False","None","","","","True","True","False","False","False","","CrossBuy/Controllers/PosController.cs","527"
"PosController","RemovePosRole","POST","False","None","","","","True","True","False","False","False","","CrossBuy/Controllers/PosController.cs","743"
"PosController","RemoveQuickItem","POST","False","None","","","","True","True","False","False","False","","CrossBuy/Controllers/PosController.cs","862"
"PosController","SaveCapabilities","POST","False","None","","","","True","True","False","False","False","","CrossBuy/Controllers/PosController.cs","207"
"PosController","SaveDeliveryZone","POST","False","None","","","","True","True","False","False","False","","CrossBuy/Controllers/PosController.cs","307"
"PosController","SaveDiningArea","POST","False","None","","","","True","True","False","False","False","","CrossBuy/Controllers/PosController.cs","239"
"PosController","SaveDriver","POST","False","None","","","","True","True","False","False","False","","CrossBuy/Controllers/PosController.cs","281"
"PosController","SaveItemSourcing","POST","False","None","","","","True","True","False","False","False","","CrossBuy/Controllers/PosController.cs","340"
"PosController","SaveLayout","POST","False","None","","","","True","True","False","False","False","","CrossBuy/Controllers/PosController.cs","508"
"PosController","SaveMenuGroup","POST","False","None","","","","True","True","False","False","False","","CrossBuy/Controllers/PosController.cs","838"
"PosController","SaveModifierGroup","POST","False","None","","","","True","True","False","False","False","","CrossBuy/Controllers/PosController.cs","635"
"PosController","SaveModifierOption","POST","False","None","","","","True","True","False","False","False","","CrossBuy/Controllers/PosController.cs","651"
"PosController","SavePaymentMethod","POST","False","None","","","","True","True","False","False","False","","CrossBuy/Controllers/PosController.cs","698"
"PosController","SavePosSetting","POST","False","None","","","","True","True","False","False","False","","CrossBuy/Controllers/PosController.cs","217"
"PosController","SaveReservation","POST","False","None","","","","True","True","False","False","False","","CrossBuy/Controllers/PosController.cs","409"
"PosController","SaveStation","POST","False","None","","","","True","True","False","False","False","","CrossBuy/Controllers/PosController.cs","255"
"PosController","SaveTable","POST","False","None","","","","True","True","False","False","False","","CrossBuy/Controllers/PosController.cs","500"
"PosController","SaveTerminal","POST","False","None","","","","True","True","False","False","False","","CrossBuy/Controllers/PosController.cs","771"
"PosController","SetQuickCode","POST","False","None","","","","True","True","False","False","False","","CrossBuy/Controllers/PosController.cs","870"
"PosController","SetReservationStatus","POST","False","None","","","","True","True","False","False","False","","CrossBuy/Controllers/PosController.cs","417"
"ProjectController","ApproveBilling","POST","False","InBody","","IProjectsAccessService.CanAsync","ApproveBilling -> GateAsync -> IProjectsAccessService.CanAsync","True","True","False","False","False","","CrossBuy/Controllers/ProjectController.cs","412"
"ProjectController","ApproveSubBilling","POST","False","InBody","","IProjectsAccessService.CanAsync","ApproveSubBilling -> GateAsync -> IProjectsAccessService.CanAsync","True","True","False","False","False","","CrossBuy/Controllers/ProjectController.cs","572"
"ProjectController","ApproveVariationOrder","POST","False","InBody","","IProjectsAccessService.CanAsync","ApproveVariationOrder -> GateAsync -> IProjectsAccessService.CanAsync","True","True","False","False","False","","CrossBuy/Controllers/ProjectController.cs","633"
"ProjectController","ConfirmProgress","POST","False","None","","","","True","True","False","False","False","","CrossBuy/Controllers/ProjectController.cs","371"
"ProjectController","DeleteActivityType","POST","False","None","","","","True","True","False","False","False","","CrossBuy/Controllers/ProjectController.cs","716"
"ProjectController","DeleteBilling","POST","False","InBody","","IProjectsAccessService.CanAsync","DeleteBilling -> GateAsync -> IProjectsAccessService.CanAsync","True","True","False","False","False","","CrossBuy/Controllers/ProjectController.cs","434"
"ProjectController","DeleteEquipmentDepreciation","POST","False","InBody","","IProjectsAccessService.CanAsync","DeleteEquipmentDepreciation -> GateAsync -> IProjectsAccessService.CanAsync","True","True","False","False","False","","CrossBuy/Controllers/ProjectController.cs","691"
"ProjectController","DeleteMaterialIssue","POST","False","InBody","","IProjectsAccessService.CanAsync","DeleteMaterialIssue -> GateAsync -> IProjectsAccessService.CanAsync","True","True","False","False","False","","CrossBuy/Controllers/ProjectController.cs","491"
"ProjectController","DeleteProgress","POST","False","None","","","","True","True","False","False","False","","CrossBuy/Controllers/ProjectController.cs","379"
"ProjectController","DeleteProject","POST","False","None","","","","True","True","False","False","False","","CrossBuy/Controllers/ProjectController.cs","198"
"ProjectController","DeleteSubBilling","POST","False","InBody","","IProjectsAccessService.CanAsync","DeleteSubBilling -> GateAsync -> IProjectsAccessService.CanAsync","True","True","False","False","False","","CrossBuy/Controllers/ProjectController.cs","594"
"ProjectController","DeleteVariationOrder","POST","False","InBody","","IProjectsAccessService.CanAsync","DeleteVariationOrder -> GateAsync -> IProjectsAccessService.CanAsync","True","True","False","False","False","","CrossBuy/Controllers/ProjectController.cs","644"
"ProjectController","PostBilling","POST","False","InBody","","IProjectsAccessService.CanAsync","PostBilling -> GateAsync -> IProjectsAccessService.CanAsync","True","True","False","False","False","","CrossBuy/Controllers/ProjectController.cs","423"
"ProjectController","PostEquipmentDepreciation","POST","False","InBody","","IProjectsAccessService.CanAsync","PostEquipmentDepreciation -> GateAsync -> IProjectsAccessService.CanAsync","True","True","False","False","False","","CrossBuy/Controllers/ProjectController.cs","680"
"ProjectController","PostLabor","POST","False","InBody","","IProjectsAccessService.CanAsync","PostLabor -> GateAsync -> IProjectsAccessService.CanAsync","True","True","False","False","False","","CrossBuy/Controllers/ProjectController.cs","512"
"ProjectController","PostMaterialIssue","POST","False","InBody","","IProjectsAccessService.CanAsync","PostMaterialIssue -> GateAsync -> IProjectsAccessService.CanAsync","True","True","False","False","False","","CrossBuy/Controllers/ProjectController.cs","480"
"ProjectController","PostSubBilling","POST","False","InBody","","IProjectsAccessService.CanAsync","PostSubBilling -> GateAsync -> IProjectsAccessService.CanAsync","True","True","False","False","False","","CrossBuy/Controllers/ProjectController.cs","583"
"ProjectController","ReceiveAdvance","POST","False","InBody","","IProjectsAccessService.CanAsync","ReceiveAdvance -> GateAsync -> IProjectsAccessService.CanAsync","True","True","False","False","False","","CrossBuy/Controllers/ProjectController.cs","273"
"ProjectController","ReleaseRetention","POST","False","InBody","","IProjectsAccessService.CanAsync","ReleaseRetention -> GateAsync -> IProjectsAccessService.CanAsync","True","True","False","False","False","","CrossBuy/Controllers/ProjectController.cs","306"
"ProjectController","ReleaseSubRetention","POST","False","InBody","","IProjectsAccessService.CanAsync","ReleaseSubRetention -> GateAsync -> IProjectsAccessService.CanAsync","True","True","False","False","False","","CrossBuy/Controllers/ProjectController.cs","337"
"ProjectController","SaveActivityType","POST","False","None","","","","True","True","False","False","False","","CrossBuy/Controllers/ProjectController.cs","707"
"ProjectController","SaveBilling","POST","False","InBody","","IProjectsAccessService.CanAsync","SaveBilling -> GateAsync -> IProjectsAccessService.CanAsync","True","True","False","False","False","","CrossBuy/Controllers/ProjectController.cs","401"
"ProjectController","SaveBoq","POST","False","InBody","","IProjectsAccessService.CanAsync","SaveBoq -> GateAsync -> IProjectsAccessService.CanAsync","True","True","False","False","False","","CrossBuy/Controllers/ProjectController.cs","240"
"ProjectController","SaveEquipmentDepreciation","POST","False","InBody","","IProjectsAccessService.CanAsync","SaveEquipmentDepreciation -> GateAsync -> IProjectsAccessService.CanAsync","True","True","False","False","False","","CrossBuy/Controllers/ProjectController.cs","668"
"ProjectController","SaveMaterialIssue","POST","False","InBody","","IProjectsAccessService.CanAsync","SaveMaterialIssue -> GateAsync -> IProjectsAccessService.CanAsync","True","True","False","False","False","","CrossBuy/Controllers/ProjectController.cs","466"
"ProjectController","SaveProgress","POST","False","None","","","","True","True","False","False","False","","CrossBuy/Controllers/ProjectController.cs","360"
"ProjectController","SaveProject","POST","False","None","","","","True","True","False","False","False","","CrossBuy/Controllers/ProjectController.cs","180"
"ProjectController","SaveSubBilling","POST","False","InBody","","IProjectsAccessService.CanAsync","SaveSubBilling -> GateAsync -> IProjectsAccessService.CanAsync","True","True","False","False","False","","CrossBuy/Controllers/ProjectController.cs","561"
"ProjectController","SaveSubcontract","POST","False","InBody","","IProjectsAccessService.CanAsync","SaveSubcontract -> GateAsync -> IProjectsAccessService.CanAsync","True","True","False","False","False","","CrossBuy/Controllers/ProjectController.cs","550"
"ProjectController","SaveVariationOrder","POST","False","InBody","","IProjectsAccessService.CanAsync","SaveVariationOrder -> GateAsync -> IProjectsAccessService.CanAsync","True","True","False","False","False","","CrossBuy/Controllers/ProjectController.cs","619"
"ReportStudioApiController","DeleteAsset","POST","True","InBody","","IReportAuthorizationService.AuthorizeReportAsync","DeleteAsset -> AuthorizeAuthorAsync -> IReportAuthorizationService.AuthorizeReportAsync","True","False","False","False","False","","CrossBuy/Controllers/Api/ReportStudioApiController.cs","274"
"ReportStudioApiController","Export","POST","True","InBody","","IReportAuthorizationService.AuthorizeReportAsync","Export -> AuthorizeAsync -> IReportAuthorizationService.AuthorizeReportAsync","True","False","False","False","False","","CrossBuy/Controllers/Api/ReportStudioApiController.cs","182"
"ReportStudioApiController","Pdf","POST","True","InBody","","IReportAuthorizationService.AuthorizeReportAsync","Pdf -> AuthorizeAsync -> IReportAuthorizationService.AuthorizeReportAsync","True","False","False","False","False","","CrossBuy/Controllers/Api/ReportStudioApiController.cs","309"
"ReportStudioApiController","Preview","POST","True","InBody","","IReportAuthorizationService.AuthorizeReportAsync","Preview -> AuthorizeAsync -> IReportAuthorizationService.AuthorizeReportAsync","True","False","False","False","False","","CrossBuy/Controllers/Api/ReportStudioApiController.cs","140"
"ReportStudioApiController","Print","POST","True","InBody","","IReportAuthorizationService.AuthorizeReportAsync","Print -> AuthorizeAsync -> IReportAuthorizationService.AuthorizeReportAsync","True","False","False","False","False","","CrossBuy/Controllers/Api/ReportStudioApiController.cs","292"
"ReportStudioApiController","Save","POST","True","InBody","","IReportAuthorizationService.AuthorizeReportAsync","Save -> AuthorizeAsync -> IReportAuthorizationService.AuthorizeReportAsync","True","False","False","False","False","","CrossBuy/Controllers/Api/ReportStudioApiController.cs","162"
"ReportStudioApiController","UploadAsset","POST","True","InBody","","IReportAuthorizationService.AuthorizeReportAsync","UploadAsset -> AuthorizeAuthorAsync -> IReportAuthorizationService.AuthorizeReportAsync","True","False","False","False","False","","CrossBuy/Controllers/Api/ReportStudioApiController.cs","252"
"ReportStudioApiController","Validate","POST","True","InBody","","IReportAuthorizationService.AuthorizeReportAsync","Validate -> AuthorizeAsync -> IReportAuthorizationService.AuthorizeReportAsync","True","False","False","False","False","","CrossBuy/Controllers/Api/ReportStudioApiController.cs","130"
"ReportsCenterWriteApiController","AddFavorite","POST","True","InBody","","IReportAuthorizationService.AuthorizeReportAsync","AddFavorite -> AuthorizeAsync -> IReportAuthorizationService.AuthorizeReportAsync","True","False","False","False","False","","CrossBuy/Controllers/Api/ReportsCenterWriteEndpoints.cs","285"
"ReportsCenterWriteApiController","DeleteLayout","DELETE","True","InBody","","IReportAuthorizationService.AuthorizeTemplateAsync","DeleteLayout -> AuthorizeTemplateAsync -> IReportAuthorizationService.AuthorizeTemplateAsync","True","False","False","False","False","","CrossBuy/Controllers/Api/ReportsCenterWriteEndpoints.cs","257"
"ReportsCenterWriteApiController","Fork","POST","True","InBody","","IReportAuthorizationService.AuthorizeTemplateAsync","Fork -> AuthorizeTemplateAsync -> IReportAuthorizationService.AuthorizeTemplateAsync","True","False","False","False","False","","CrossBuy/Controllers/Api/ReportsCenterWriteEndpoints.cs","220"
"ReportsCenterWriteApiController","RemoveFavorite","DELETE","True","InBody","","IReportAuthorizationService.AuthorizeReportAsync","RemoveFavorite -> AuthorizeAsync -> IReportAuthorizationService.AuthorizeReportAsync","True","False","False","False","False","","CrossBuy/Controllers/Api/ReportsCenterWriteEndpoints.cs","304"
"ReportsCenterWriteApiController","ReorderFavorites","POST","True","InBody","","IReportAuthorizationService.AuthorizeReportAsync","ReorderFavorites -> IReportAuthorizationService.AuthorizeReportAsync","True","False","False","False","False","","CrossBuy/Controllers/Api/ReportsCenterWriteEndpoints.cs","339"
"ReportsCenterWriteApiController","SaveLayout","POST","True","InBody","","IReportAuthorizationService.AuthorizeReportAsync","SaveLayout -> AuthorizeAsync -> IReportAuthorizationService.AuthorizeReportAsync","True","False","False","False","False","","CrossBuy/Controllers/Api/ReportsCenterWriteEndpoints.cs","167"
"ReportsCenterWriteApiController","SetDefault","POST","True","InBody","","IReportAuthorizationService.AuthorizeTemplateAsync","SetDefault -> AuthorizeTemplateAsync -> IReportAuthorizationService.AuthorizeTemplateAsync","True","False","False","False","False","","CrossBuy/Controllers/Api/ReportsCenterWriteEndpoints.cs","239"
"ServiceController","BranchDetails","POST","False","None","","","","True","False","False","False","False","","CrossBuy/Controllers/ServiceController.cs","174"
"ServiceController","CompanyDetails","POST","False","None","","","","True","False","False","False","False","","CrossBuy/Controllers/ServiceController.cs","62"
"TasksController","AddTime","POST","False","None","","","","False","True","False","False","False","","CrossBuy/Controllers/TasksController.cs","447"
"TasksController","BoardMove","POST","False","InBody","","ITasksAccessService.CanAsync","BoardMove -> TaskGateAsync -> ITasksAccessService.CanAsync","False","True","False","False","False","","CrossBuy/Controllers/TasksController.cs","595"
"TasksController","ChangeStatus","POST","False","None","","","","False","True","False","False","False","","CrossBuy/Controllers/TasksController.cs","395"
"TasksController","ChecklistAdd","POST","False","InBody","","ITasksAccessService.CanAsync","ChecklistAdd -> TaskGateAsync -> ITasksAccessService.CanAsync","False","True","False","False","False","","CrossBuy/Controllers/TasksController.cs","617"
"TasksController","ChecklistRemove","POST","False","InBody","","ITasksAccessService.CanAsync","ChecklistRemove -> TaskGateAsync -> ITasksAccessService.CanAsync","False","True","False","False","False","","CrossBuy/Controllers/TasksController.cs","647"
"TasksController","ChecklistReorder","POST","False","InBody","","ITasksAccessService.CanAsync","ChecklistReorder -> TaskGateAsync -> ITasksAccessService.CanAsync","False","True","False","False","False","","CrossBuy/Controllers/TasksController.cs","661"
"TasksController","ChecklistToggle","POST","False","InBody","","ITasksAccessService.CanAsync","ChecklistToggle -> TaskGateAsync -> ITasksAccessService.CanAsync","False","True","False","False","False","","CrossBuy/Controllers/TasksController.cs","627"
"TasksController","ConfirmMatch","POST","False","InBody","","ITasksAccessService.CanAsync","ConfirmMatch -> ITasksAccessService.CanAsync","False","True","False","False","False","","CrossBuy/Controllers/TasksController.cs","354"
"TasksController","Delete","POST","False","None","","","","False","True","False","False","False","","CrossBuy/Controllers/TasksController.cs","413"
"TasksController","DeleteTime","POST","False","None","","","","False","True","False","False","False","","CrossBuy/Controllers/TasksController.cs","458"
"TasksController","DependencyAdd","POST","False","InBody","","ITasksAccessService.CanAsync","DependencyAdd -> TaskGateAsync -> ITasksAccessService.CanAsync","False","True","False","False","False","","CrossBuy/Controllers/TasksController.cs","689"
"TasksController","DependencyRemove","POST","False","InBody","","ITasksAccessService.CanAsync","DependencyRemove -> TaskGateAsync -> ITasksAccessService.CanAsync","False","True","False","False","False","","CrossBuy/Controllers/TasksController.cs","707"
"TasksController","DismissMatch","POST","False","None","","","","False","True","False","False","False","","CrossBuy/Controllers/TasksController.cs","384"
"TasksController","GenerateInvoice","POST","False","InBody","","ITasksAccessService.CanAsync","GenerateInvoice -> TaskGateAsync -> ITasksAccessService.CanAsync","False","True","False","False","False","","CrossBuy/Controllers/TasksController.cs","499"
"TasksController","PostLaborToWO","POST","False","InBody","","ITasksAccessService.CanAsync","PostLaborToWO -> TaskGateAsync -> ITasksAccessService.CanAsync","False","True","False","False","False","","CrossBuy/Controllers/TasksController.cs","487"
"TasksController","RunGenerator","POST","False","None","","","","False","True","False","False","False","","CrossBuy/Controllers/TasksController.cs","316"
"TasksController","Save","POST","False","None","","","","False","True","False","False","False","","CrossBuy/Controllers/TasksController.cs","211"
"TasksController","SaveAutoRule","POST","False","None","","","","False","True","False","False","False","","CrossBuy/Controllers/TasksController.cs","305"
"TasksController","StartTimer","POST","False","None","","","","False","True","False","False","False","","CrossBuy/Controllers/TasksController.cs","425"
"TasksController","StopTimer","POST","False","None","","","","False","True","False","False","False","","CrossBuy/Controllers/TasksController.cs","436"
"TasksController","TaskCommentAdd","POST","False","InBody","","ITasksAccessService.CanAsync","TaskCommentAdd -> TaskGateAsync -> ITasksAccessService.CanAsync","False","True","False","False","False","","CrossBuy/Controllers/TasksController.cs","808"
"TasksController","TemplateApply","POST","False","InBody","","ITasksAccessService.CanAsync","TemplateApply -> ITasksAccessService.CanAsync","False","True","False","False","False","","CrossBuy/Controllers/TasksController.cs","924"
"TasksController","TemplateSave","POST","False","InBody","","ITasksAccessService.CanAsync","TemplateSave -> TaskManageGateAsync -> ITasksAccessService.CanAsync","False","True","False","False","False","","CrossBuy/Controllers/TasksController.cs","896"
"TasksController","TemplateSetActive","POST","False","InBody","","ITasksAccessService.CanAsync","TemplateSetActive -> TaskManageGateAsync -> ITasksAccessService.CanAsync","False","True","False","False","False","","CrossBuy/Controllers/TasksController.cs","914"
